,geometry,field_date,B2,B3,B4,B8,B5,B6,B7,B8A,B11,B12,sat_mask,cloud_mask,edge_mask,geophysical_mask,sun_zen,sun_az,join_zen,join_az,s2_date,time_delta,s2_filenames,DHP,CAN-EYE Version,Species,NameESU,X-WGS84,Y-WGS84,PAIeff – CE,PAIeff CE V5.1,PAIeff – P57,PAIeff Miller,"PAIeff – LAI2000, 3 rings","PAIeff – LAI2000, 4 rings","PAIeff – LAI2000, 5 rings",PAItrue – CE,PAItrue – CE V5.1,PAItrue – P57,PAItrue – Miller
0,POINT (353435.8457069093 4811908.316016331),2017-11-28,0.0438,0.0751,0.0462,0.438,0.1199,0.3765,0.4167,0.4395,0.1415,0.0585,0,0,0,0,65,168,1,260,2017-11-27,1 days,/work/CESBIO/projects/MAESTRIA/prosail_validation/validation_sites/T31TCJ/SENTINEL2B_20171127-105827-648_L2A_T31TCJ_C_V2-2_roi_0.tif,DHP,V6.495,winter oilseedrape,BRA-46,1.18872,43.445736,1.28,1.38,1.28,1.31,1.78,1.53,1.3,2.27,1.9,2.27,1.44
1,POINT (354629.49327609537 4814171.369879725),2018-04-04,0.0155,0.0433,0.0187,0.3225,0.0777,0.2702,0.3245,0.3401,0.1312,0.0684,0,0,0,0,45,157,1,264,2018-03-22,13 days,/work/CESBIO/projects/MAESTRIA/prosail_validation/validation_sites/T31TCJ/SENTINEL2A_20180322-105809-862_L2A_T31TCJ_C_V2-2_roi_0.tif,DHP,V6.495,winter wheat,BRA-12-18,1.202861,43.466336,1.88,1.86,1.88,1.88,1.98,1.88,1.66,2.64,2.55,2.64,2.15
2,POINT (354629.49327609537 4814171.369879725),2018-06-20,0.0169,0.0397,0.0191,0.4454,0.0616,0.3018,0.4342,0.4573,0.1102,0.0453,0,0,0,0,27,152,1,264,2018-05-11,40 days,/work/CESBIO/projects/MAESTRIA/prosail_validation/validation_sites/T31TCJ/SENTINEL2A_20180511-105804-037_L2A_T31TCJ_C_V2-2_roi_0.tif,DHP,V6.495,winter wheat,BRA-12-18,1.202861,43.466336,0.07,0.08,0.08,0.09,0.13,0.1,0.08,0.08,0.08,0.08,0.1
3,POINT (354629.49327609537 4814171.369879725),2018-02-27,0.0276,0.0598,0.0398,0.2719,0.1041,0.2434,0.2689,0.277,0.1585,0.083,0,0,0,0,54,158,1,261,2018-02-25,2 days,/work/CESBIO/projects/MAESTRIA/prosail_validation/validation_sites/T31TCJ/SENTINEL2B_20180225-105018-458_L2A_T31TCJ_C_V2-2_roi_0.tif,DHP,V6.495,winter wheat,BRA-12-18,1.202861,43.466336,1.1,1.1,1.1,1.1,1.1,1.12,0.97,1.29,1.14,1.29,1.09
4,POINT (354629.49327609537 4814171.369879725),2018-05-29,0.0169,0.0397,0.0191,0.4454,0.0616,0.3018,0.4342,0.4573,0.1102,0.0453,0,0,0,0,27,152,1,264,2018-05-11,18 days,/work/CESBIO/projects/MAESTRIA/prosail_validation/validation_sites/T31TCJ/SENTINEL2A_20180511-105804-037_L2A_T31TCJ_C_V2-2_roi_0.tif,DHP,V6.491,winter wheat,BRA-12-18,1.202861,43.466336,3.84,3.73,3.84,3.83,3.38,3.52,3.15,5.25,5.16,5.25,4.04
5,POINT (353638.0316809225 4814562.627098693),2018-04-06,0.0146,0.0309,0.0155,0.4126,0.057,0.3237,0.4112,0.4197,0.0953,0.0478,0,0,0,0,45,157,1,263,2018-03-22,15 days,/work/CESBIO/projects/MAESTRIA/prosail_validation/validation_sites/T31TCJ/SENTINEL2A_20180322-105809-862_L2A_T31TCJ_C_V2-2_roi_0.tif,DHP,V6.495,winter oilseedrape,BRA-54,1.190505,43.469664,1.74,1.92,1.74,1.96,2.77,2.31,1.9,2.47,2.34,2.47,2.15
6,POINT (353655.65409015625 4814572.910950634),2018-03-01,0.0391,0.0621,0.0556,0.3111,0.0962,0.2797,0.3187,0.3272,0.14,0.078,0,0,0,0,54,158,1,259,2018-02-25,4 days,/work/CESBIO/projects/MAESTRIA/prosail_validation/validation_sites/T31TCJ/SENTINEL2B_20180225-105018-458_L2A_T31TCJ_C_V2-2_roi_0.tif,DHP,V6.495,winter oilseedrape,BRA-54,1.19072,43.46976,0.83,0.81,0.83,0.8,0.94,0.86,0.77,1.8,1.31,1.8,0.82
7,POINT (353811.9827587786 4814579.515593123),2017-11-28,0.0508,0.0778,0.0706,0.2906,0.1186,0.271,0.2932,0.3043,0.1548,0.0896,0,0,0,0,65,168,1,260,2017-11-27,1 days,/work/CESBIO/projects/MAESTRIA/prosail_validation/validation_sites/T31TCJ/SENTINEL2B_20171127-105827-648_L2A_T31TCJ_C_V2-2_roi_0.tif,DHP,V6.495,winter oilseedrape,BRA-54,1.19265,43.46985,0.59,0.59,0.59,0.58,0.81,0.69,0.6,1.48,1.22,1.48,0.68
8,POINT (353600.3250378505 4814596.336185847),2018-05-28,0.0349,0.0692,0.0364,0.4625,0.1042,0.3779,0.4608,0.4741,0.0878,0.0414,0,0,0,0,27,152,1,263,2018-05-11,17 days,/work/CESBIO/projects/MAESTRIA/prosail_validation/validation_sites/T31TCJ/SENTINEL2A_20180511-105804-037_L2A_T31TCJ_C_V2-2_roi_0.tif,DHP,V6.495,winter oilseedrape,BRA-54,1.19003,43.46996,2.08,2.04,2.09,2.04,2.0,1.99,1.77,2.58,2.36,2.58,2.17
9,POINT (353600.3250378505 4814596.336185847),2018-05-04,0.0511,0.1527,0.1382,0.5396,0.1961,0.4508,0.5459,0.5581,0.1566,0.0838,0,0,0,0,33,155,1,263,2018-04-21,13 days,/work/CESBIO/projects/MAESTRIA/prosail_validation/validation_sites/T31TCJ/SENTINEL2A_20180421-105629-233_L2A_T31TCJ_C_V2-2_roi_0.tif,DHP,V6.495,winter oilseedrape,BRA-54,1.19003,43.46996,2.82,2.81,2.81,2.79,3.26,3.03,2.63,3.23,2.67,3.24,2.84
10,POINT (355259.0896156246 4811660.580328564),2017-11-28,0.0384,0.0729,0.0475,0.39,0.1049,0.3416,0.3865,0.3972,0.1334,0.0616,0,0,0,0,65,168,1,294,2017-11-27,1 days,/work/CESBIO/projects/MAESTRIA/prosail_validation/validation_sites/T31TCJ/SENTINEL2B_20171127-105827-648_L2A_T31TCJ_C_V2-2_roi_0.tif,DHP,V6.495,winter oilseedrape,BON-33,1.211307,43.443861,1.51,1.58,1.51,1.51,1.91,1.7,1.48,3.57,3.13,3.57,1.7
11,POINT (354629.49327609537 4814171.369879725),2018-05-02,0.0179,0.0333,0.0165,0.41,0.0504,0.275,0.4055,0.4269,0.1137,0.046,0,0,0,0,33,155,1,264,2018-04-21,11 days,/work/CESBIO/projects/MAESTRIA/prosail_validation/validation_sites/T31TCJ/SENTINEL2A_20180421-105629-233_L2A_T31TCJ_C_V2-2_roi_0.tif,DHP,V6.495,winter wheat,BRA-12-18,1.202861,43.466336,2.55,,,,,,,3.41,,,
12,POINT (354981.35999888997 4814279.7849606825),2018-02-27,0.026,0.0561,0.0415,0.2343,0.1004,0.2059,0.2308,0.2408,0.1534,0.0869,0,0,0,0,54,158,1,261,2018-02-25,2 days,/work/CESBIO/projects/MAESTRIA/prosail_validation/validation_sites/T31TCJ/SENTINEL2B_20180225-105018-458_L2A_T31TCJ_C_V2-2_roi_0.tif,DHP,V6.492,winter wheat,BRA-11-19,1.20718,43.4673799999999,1.07,1.0,1.08,1.03,0.96,0.99,0.89,1.6,1.31,1.6,1.06
13,POINT (354793.788638311 4814776.053129199),2017-11-27,0.0488,0.0821,0.0735,0.3374,0.1268,0.3097,0.343,0.3494,0.1745,0.1094,0,0,0,0,64,168,1,263,2017-11-22,5 days,/work/CESBIO/projects/MAESTRIA/prosail_validation/validation_sites/T31TCJ/SENTINEL2A_20171122-105612-379_L2A_T31TCJ_C_V2-2_roi_0.tif,DHP,V6.495,winter oilseedrape,BRA-59,1.20473,43.47181,0.98,1.03,0.98,0.93,1.3,1.19,1.0,2.14,1.89,2.14,0.98
14,POINT (354795.332944873 4814795.131114626),2018-04-05,0.0118,0.035,0.0129,0.4212,0.061,0.3316,0.4145,0.4272,0.1024,0.0498,0,0,0,0,45,157,1,264,2018-03-22,14 days,/work/CESBIO/projects/MAESTRIA/prosail_validation/validation_sites/T31TCJ/SENTINEL2A_20180322-105809-862_L2A_T31TCJ_C_V2-2_roi_0.tif,DHP,V6.495,winter oilseedrape,BRA-59,1.204744,43.471982,1.5,1.6,1.5,1.63,2.32,1.94,1.62,2.16,1.96,2.16,1.81
15,POINT (354769.4331747949 4814809.912030646),2018-03-01,0.0373,0.0597,0.0529,0.3464,0.0918,0.2989,0.3409,0.3577,0.1374,0.0722,0,0,0,0,54,158,1,261,2018-02-25,4 days,/work/CESBIO/projects/MAESTRIA/prosail_validation/validation_sites/T31TCJ/SENTINEL2B_20180225-105018-458_L2A_T31TCJ_C_V2-2_roi_0.tif,DHP,V6.495,winter oilseedrape,BRA-59,1.20442,43.47211,0.85,0.88,0.85,0.84,1.02,0.99,0.84,1.83,1.46,1.83,0.88
16,POINT (354769.4331747949 4814809.912030646),2018-05-28,0.0335,0.0666,0.0342,0.4616,0.0969,0.3719,0.4594,0.4757,0.0889,0.0398,0,0,0,0,27,152,1,264,2018-05-11,17 days,/work/CESBIO/projects/MAESTRIA/prosail_validation/validation_sites/T31TCJ/SENTINEL2A_20180511-105804-037_L2A_T31TCJ_C_V2-2_roi_0.tif,DHP,V6.495,winter oilseedrape,BRA-59,1.20442,43.47211,2.12,2.13,2.12,2.13,2.28,2.15,1.89,2.7,2.64,2.7,2.3
17,POINT (354769.4331747949 4814809.912030646),2018-05-04,0.0463,0.1346,0.1161,0.4984,0.1644,0.4101,0.501,0.5108,0.1407,0.0712,0,0,0,0,33,155,1,264,2018-04-21,13 days,/work/CESBIO/projects/MAESTRIA/prosail_validation/validation_sites/T31TCJ/SENTINEL2A_20180421-105629-233_L2A_T31TCJ_C_V2-2_roi_0.tif,DHP,V6.495,winter oilseedrape,BRA-59,1.20442,43.47211,3.44,3.25,3.44,3.37,3.09,3.2,2.83,4.54,4.39,4.54,3.63
18,POINT (354986.772381886 4814906.895404011),2017-11-28,0.0369,0.0685,0.0396,0.4158,0.1183,0.3756,0.4126,0.4273,0.1302,0.0524,0,0,0,0,65,168,1,261,2017-11-27,1 days,/work/CESBIO/projects/MAESTRIA/prosail_validation/validation_sites/T31TCJ/SENTINEL2B_20171127-105827-648_L2A_T31TCJ_C_V2-2_roi_0.tif,DHP,V6.495,winter oilseedrape,BRA-61,1.20708,43.473025,1.32,1.54,1.32,1.54,2.08,1.77,1.46,2.69,2.6,2.69,1.58
19,POINT (356669.99044031696 4814911.41052826),2018-05-02,0.0453,0.0792,0.0607,0.3046,0.1123,0.255,0.2948,0.3099,0.1513,0.0839,0,0,0,0,33,155,1,296,2018-04-21,11 days,/work/CESBIO/projects/MAESTRIA/prosail_validation/validation_sites/T31TCJ/SENTINEL2A_20180421-105629-233_L2A_T31TCJ_C_V2-2_roi_0.tif,DHP,V6.495,winter barley,PAV-1,1.22788,43.47339,,,,,,,,,,,
20,POINT (356669.99044031696 4814911.41052826),2018-05-29,0.0363,0.074,0.0598,0.2788,0.1125,0.2327,0.2721,0.2992,0.1542,0.0921,0,0,0,0,25,150,1,296,2018-05-21,8 days,/work/CESBIO/projects/MAESTRIA/prosail_validation/validation_sites/T31TCJ/SENTINEL2A_20180521-105702-711_L2A_T31TCJ_C_V2-2_roi_0.tif,DHP,V6.491,winter barley,PAV-1,1.22788,43.47339,2.55,2.44,2.54,2.46,2.11,2.25,2.04,3.52,3.22,3.52,2.53
21,POINT (356669.99044031696 4814911.41052826),2018-06-20,0.0363,0.074,0.0598,0.2788,0.1125,0.2327,0.2721,0.2992,0.1542,0.0921,0,0,0,0,25,150,1,296,2018-05-21,30 days,/work/CESBIO/projects/MAESTRIA/prosail_validation/validation_sites/T31TCJ/SENTINEL2A_20180521-105702-711_L2A_T31TCJ_C_V2-2_roi_0.tif,DHP,V6.495,winter barley,PAV-1,1.22788,43.47339,0.23,0.24,0.23,0.23,0.37,0.29,0.25,0.25,0.25,0.25,0.27
22,POINT (356615.5403563947 4814949.79193479),2018-04-05,0.053,0.0875,0.0731,0.3044,0.1466,0.2764,0.3023,0.3107,0.1843,0.1132,0,0,0,0,45,157,1,296,2018-03-22,14 days,/work/CESBIO/projects/MAESTRIA/prosail_validation/validation_sites/T31TCJ/SENTINEL2A_20180322-105809-862_L2A_T31TCJ_C_V2-2_roi_0.tif,DHP,V6.495,winter barley,PAV-1,1.227197,43.473725,1.46,1.28,1.46,1.36,1.22,1.3,1.18,1.93,1.62,1.93,1.4
23,POINT (356583.6979309677 4815001.02553004),2018-02-27,0.0399,0.0756,0.045,0.341,0.1218,0.302,0.3368,0.3486,0.1762,0.0869,0,0,0,0,54,158,1,293,2018-02-25,2 days,/work/CESBIO/projects/MAESTRIA/prosail_validation/validation_sites/T31TCJ/SENTINEL2B_20180225-105018-458_L2A_T31TCJ_C_V2-2_roi_0.tif,DHP,V6.495,winter barley,PAV-1,1.22679,43.47418,1.39,1.34,1.39,1.36,1.2,1.31,1.14,1.75,1.62,1.75,1.44
24,POINT (356905.39369078237 4815403.0682251705),2017-11-28,0.0485,0.0735,0.0742,0.2245,0.1096,0.1904,0.2087,0.2203,0.1592,0.1006,0,0,0,0,65,168,1,293,2017-11-27,1 days,/work/CESBIO/projects/MAESTRIA/prosail_validation/validation_sites/T31TCJ/SENTINEL2B_20171127-105827-648_L2A_T31TCJ_C_V2-2_roi_0.tif,DHP,V6.495,winter oilseedrape,BLA-5-13,1.23066,43.47786,0.34,0.34,0.33,0.35,0.39,0.35,0.3,0.62,0.45,0.62,0.36
25,POINT (356686.0020944063 4815435.512701485),2017-11-28,0.0404,0.0666,0.0422,0.4278,0.101,0.3583,0.4129,0.4248,0.1335,0.0536,0,0,0,0,65,168,1,293,2017-11-27,1 days,/work/CESBIO/projects/MAESTRIA/prosail_validation/validation_sites/T31TCJ/SENTINEL2B_20171127-105827-648_L2A_T31TCJ_C_V2-2_roi_0.tif,DHP,V6.495,winter oilseedrape,BLA-5-13-B,1.22794,43.47811,0.84,0.86,0.84,0.85,0.81,0.83,0.71,1.57,1.44,1.57,0.96
26,POINT (356891.32573221275 4815464.478141185),2018-05-28,0.0301,0.0619,0.0232,0.5058,0.0924,0.3931,0.4879,0.5012,0.0802,0.0353,0,0,0,0,25,150,1,296,2018-05-21,7 days,/work/CESBIO/projects/MAESTRIA/prosail_validation/validation_sites/T31TCJ/SENTINEL2A_20180521-105702-711_L2A_T31TCJ_C_V2-2_roi_0.tif,DHP,V6.495,winter oilseedrape,BLA-5-13,1.23047,43.47841,1.98,1.96,1.98,1.98,2.22,2.1,1.81,2.53,2.27,2.53,2.07
27,POINT (356891.32573221275 4815464.478141185),2018-05-04,0.0338,0.0541,0.041,0.344,0.0829,0.2757,0.3299,0.3404,0.1216,0.0725,0,0,0,0,45,157,1,296,2018-03-22,43 days,/work/CESBIO/projects/MAESTRIA/prosail_validation/validation_sites/T31TCJ/SENTINEL2A_20180322-105809-862_L2A_T31TCJ_C_V2-2_roi_0.tif,DHP,V6.495,winter oilseedrape,BLA-5-13,1.23047,43.47841,3.7,3.6,3.71,3.74,3.41,3.5,3.06,4.95,5.25,4.95,4.16
28,POINT (356891.32573221275 4815464.478141185),2018-04-05,0.0338,0.0541,0.041,0.344,0.0829,0.2757,0.3299,0.3404,0.1216,0.0725,0,0,0,0,45,157,1,296,2018-03-22,14 days,/work/CESBIO/projects/MAESTRIA/prosail_validation/validation_sites/T31TCJ/SENTINEL2A_20180322-105809-862_L2A_T31TCJ_C_V2-2_roi_0.tif,DHP,V6.495,winter oilseedrape,BLA-5-13,1.23047,43.47841,1.57,1.75,1.57,1.75,2.76,2.16,1.79,2.12,2.15,2.12,2.14
29,POINT (356867.32290124556 4815477.210606028),2018-02-27,0.0363,0.0552,0.0467,0.3548,0.1049,0.2834,0.3273,0.3438,0.1344,0.0692,0,0,0,0,54,158,1,293,2018-02-25,2 days,/work/CESBIO/projects/MAESTRIA/prosail_validation/validation_sites/T31TCJ/SENTINEL2B_20180225-105018-458_L2A_T31TCJ_C_V2-2_roi_0.tif,DHP,V6.495,winter oilseedrape,BLA-5-13,1.23017,43.47852,0.74,0.7,0.74,0.75,0.93,0.8,0.71,1.13,1.03,1.13,0.85
30,POINT (353927.8194270128 4814833.227965947),2018-03-01,0.0348,0.0634,0.0532,0.3283,0.0982,0.282,0.3224,0.3397,0.1276,0.0684,0,0,0,0,54,158,1,260,2018-02-25,4 days,/work/CESBIO/projects/MAESTRIA/prosail_validation/validation_sites/T31TCJ/SENTINEL2B_20180225-105018-458_L2A_T31TCJ_C_V2-2_roi_0.tif,DHP,V6.495,winter oilseedrape,BRA-70,1.1940134,43.472156,1.06,1.01,1.06,1.04,1.2,1.11,0.99,2.12,1.53,2.13,1.06
31,POINT (353931.07851369353 4814846.93525284),2017-11-28,0.0471,0.0733,0.0578,0.3628,0.128,0.3382,0.3703,0.3789,0.1335,0.0609,0,0,0,0,65,168,1,260,2017-11-27,1 days,/work/CESBIO/projects/MAESTRIA/prosail_validation/validation_sites/T31TCJ/SENTINEL2B_20171127-105827-648_L2A_T31TCJ_C_V2-2_roi_0.tif,DHP,V6.495,winter oilseedrape,BRA-70,1.19405,43.47228,0.92,0.93,0.92,0.92,0.99,0.97,0.84,1.86,1.28,1.86,0.9
32,POINT (353934.6029555879 4814860.192333617),2018-05-04,0.0512,0.1475,0.1313,0.5438,0.1895,0.4484,0.5446,0.5649,0.157,0.0843,0,0,0,0,33,155,1,263,2018-04-21,13 days,/work/CESBIO/projects/MAESTRIA/prosail_validation/validation_sites/T31TCJ/SENTINEL2A_20180421-105629-233_L2A_T31TCJ_C_V2-2_roi_0.tif,DHP,V6.495,winter oilseedrape,BRA-70,1.19409,43.4724,3.12,3.08,3.12,3.09,2.83,2.93,2.55,4.13,4.31,4.12,3.54
33,POINT (353934.6029555879 4814860.192333617),2018-04-06,0.0185,0.035,0.0156,0.3937,0.0594,0.3146,0.3963,0.4091,0.0924,0.0444,0,0,0,0,45,157,1,263,2018-03-22,15 days,/work/CESBIO/projects/MAESTRIA/prosail_validation/validation_sites/T31TCJ/SENTINEL2A_20180322-105809-862_L2A_T31TCJ_C_V2-2_roi_0.tif,DHP,V6.495,winter oilseedrape,BRA-70,1.19409,43.4724,1.36,1.53,1.36,1.57,2.39,1.86,1.54,2.01,2.09,2.01,1.75
34,POINT (353934.6029555879 4814860.192333617),2018-05-28,0.0371,0.0718,0.0374,0.4612,0.1055,0.3751,0.4592,0.4664,0.0889,0.0423,0,0,0,0,27,152,1,263,2018-05-11,17 days,/work/CESBIO/projects/MAESTRIA/prosail_validation/validation_sites/T31TCJ/SENTINEL2A_20180511-105804-037_L2A_T31TCJ_C_V2-2_roi_0.tif,DHP,V6.495,winter oilseedrape,BRA-70,1.19409,43.4724,2.02,2.01,2.02,2.01,2.08,2.03,1.77,2.54,2.33,2.54,2.07
35,POINT (350772.4017245655 4816514.369943631),2017-11-28,0.0454,0.0685,0.068,0.3533,0.1493,0.3186,0.3437,0.3598,0.136,0.0631,0,0,0,0,65,168,1,255,2017-11-27,1 days,/work/CESBIO/projects/MAESTRIA/prosail_validation/validation_sites/T31TCJ/SENTINEL2B_20171127-105827-648_L2A_T31TCJ_C_V2-2_roi_0.tif,DHP,V6.495,winter oilseedrape,ANJ-23,1.15456,43.486663,0.64,0.66,0.64,0.66,0.84,0.72,0.63,1.11,0.88,1.12,0.74
36,POINT (350838.6390189711 4816703.131275658),2018-03-01,0.0344,0.0517,0.0597,0.2841,0.1056,0.2665,0.3062,0.3255,0.1174,0.0562,0,0,0,0,54,158,1,255,2018-02-25,4 days,/work/CESBIO/projects/MAESTRIA/prosail_validation/validation_sites/T31TCJ/SENTINEL2B_20180225-105018-458_L2A_T31TCJ_C_V2-2_roi_0.tif,DHP,V6.495,winter oilseedrape,ANJ-26,1.155327,43.4883749999999,0.56,0.56,0.57,0.55,0.64,0.59,0.52,0.9,0.67,0.9,0.54
37,POINT (350838.6390189715 4816703.131275669),2017-11-28,0.0361,0.0595,0.0423,0.4274,0.1124,0.3903,0.446,0.4546,0.1321,0.0496,0,0,0,0,65,168,1,255,2017-11-27,1 days,/work/CESBIO/projects/MAESTRIA/prosail_validation/validation_sites/T31TCJ/SENTINEL2B_20171127-105827-648_L2A_T31TCJ_C_V2-2_roi_0.tif,DHP,V6.495,winter oilseedrape,ANJ-26,1.155327,43.488375,2.69,2.59,2.69,2.66,3.28,2.94,2.57,5.39,5.13,5.39,3.03
38,POINT (350907.8331654242 4817076.612725374),2017-11-29,0.0747,0.1127,0.1272,0.2103,0.1659,0.2048,0.2152,0.2273,0.2208,0.1641,0,0,0,0,65,168,1,255,2017-11-27,2 days,/work/CESBIO/projects/MAESTRIA/prosail_validation/validation_sites/T31TCJ/SENTINEL2B_20171127-105827-648_L2A_T31TCJ_C_V2-2_roi_0.tif,DHP,V6.495,winter wheat,ANJ-28,1.15608,43.49175,0.14,0.14,0.14,0.15,0.13,0.14,0.12,0.16,0.15,0.16,0.15
39,POINT (350874.97691022436 4817090.674677436),2018-03-01,0.0307,0.0612,0.0553,0.2598,0.1167,0.225,0.2524,0.2742,0.1609,0.0883,0,0,0,0,54,158,1,255,2018-02-25,4 days,/work/CESBIO/projects/MAESTRIA/prosail_validation/validation_sites/T31TCJ/SENTINEL2B_20180225-105018-458_L2A_T31TCJ_C_V2-2_roi_0.tif,DHP,V6.492,winter wheat,ANJ-28,1.15567,43.49187,0.82,0.71,0.82,0.76,0.58,0.68,0.63,1.01,0.88,1.01,0.81
40,POINT (350890.3057286424 4817092.446168891),2018-05-29,0.0247,0.0415,0.0262,0.3391,0.0615,0.2336,0.3383,0.3533,0.1027,0.0479,0,0,0,0,27,152,1,260,2018-05-11,18 days,/work/CESBIO/projects/MAESTRIA/prosail_validation/validation_sites/T31TCJ/SENTINEL2A_20180511-105804-037_L2A_T31TCJ_C_V2-2_roi_0.tif,DHP,V6.491,winter wheat,ANJ-28,1.155859,43.491889,2.59,2.47,2.59,2.57,2.13,2.3,2.06,3.66,3.26,3.66,2.69
41,POINT (350890.3057286424 4817092.446168891),2018-06-20,0.0247,0.0415,0.0262,0.3391,0.0615,0.2336,0.3383,0.3533,0.1027,0.0479,0,0,0,0,27,152,1,260,2018-05-11,40 days,/work/CESBIO/projects/MAESTRIA/prosail_validation/validation_sites/T31TCJ/SENTINEL2A_20180511-105804-037_L2A_T31TCJ_C_V2-2_roi_0.tif,DHP,V6.495,winter wheat,ANJ-28,1.155859,43.491889,0.19,0.19,0.19,0.2,0.22,0.21,0.17,0.21,0.22,0.21,0.21
42,POINT (350890.3057286424 4817092.446168891),2018-05-02,0.0187,0.0372,0.0262,0.2951,0.062,0.2163,0.2942,0.3118,0.1011,0.0483,0,0,0,0,33,155,1,260,2018-04-21,11 days,/work/CESBIO/projects/MAESTRIA/prosail_validation/validation_sites/T31TCJ/SENTINEL2A_20180421-105629-233_L2A_T31TCJ_C_V2-2_roi_0.tif,DHP,V6.495,winter wheat,ANJ-28,1.155859,43.491889,,,,,,,,,,,
43,POINT (350863.23947100085 4817130.491957843),2018-04-05,0.0303,0.0461,0.0419,0.246,0.0848,0.2023,0.2402,0.2608,0.1301,0.0789,0,0,0,0,45,157,1,259,2018-03-22,14 days,/work/CESBIO/projects/MAESTRIA/prosail_validation/validation_sites/T31TCJ/SENTINEL2A_20180322-105809-862_L2A_T31TCJ_C_V2-2_roi_0.tif,DHP,V6.495,winter wheat,ANJ-28,1.155514,43.492226,2.18,2.21,2.18,2.21,1.85,1.96,1.74,2.99,2.82,2.99,2.4
44,POINT (350880.00130164577 4817467.022935166),2018-05-28,0.0368,0.0726,0.0365,0.4561,0.1171,0.3657,0.4347,0.4519,0.0919,0.0434,0,0,0,0,27,152,1,260,2018-05-11,17 days,/work/CESBIO/projects/MAESTRIA/prosail_validation/validation_sites/T31TCJ/SENTINEL2A_20180511-105804-037_L2A_T31TCJ_C_V2-2_roi_0.tif,DHP,V6.495,winter oilseedrape,ANJ-29,1.155629,43.495258,1.93,1.99,1.93,1.94,2.06,1.97,1.72,2.37,2.26,2.37,2.04
45,POINT (350880.00130164577 4817467.022935166),2018-05-02,0.0435,0.1279,0.1074,0.5311,0.1704,0.4212,0.5023,0.518,0.1431,0.0733,0,0,0,0,33,155,1,260,2018-04-21,11 days,/work/CESBIO/projects/MAESTRIA/prosail_validation/validation_sites/T31TCJ/SENTINEL2A_20180421-105629-233_L2A_T31TCJ_C_V2-2_roi_0.tif,DHP,V6.495,winter oilseedrape,ANJ-29,1.155629,43.495258,3.4,,,,,,,4.39,,,
46,POINT (350880.00130164577 4817467.022935166),2018-04-05,0.0392,0.0589,0.0717,0.2813,0.1301,0.2576,0.2913,0.3076,0.1227,0.072,0,0,0,0,52,158,1,259,2018-03-02,34 days,/work/CESBIO/projects/MAESTRIA/prosail_validation/validation_sites/T31TCJ/SENTINEL2A_20180302-105023-464_L2A_T31TCJ_C_V2-2_roi_0.tif,DHP,V6.495,winter oilseedrape,ANJ-29,1.155629,43.495258,0.6,0.72,0.6,0.79,1.13,0.88,0.72,0.77,0.85,0.78,0.82
47,POINT (350880.00130164577 4817467.022935166),2017-11-29,0.0416,0.061,0.0464,0.4076,0.1263,0.3689,0.4095,0.4244,0.1275,0.0508,0,0,0,0,65,168,1,255,2017-11-27,2 days,/work/CESBIO/projects/MAESTRIA/prosail_validation/validation_sites/T31TCJ/SENTINEL2B_20171127-105827-648_L2A_T31TCJ_C_V2-2_roi_0.tif,DHP,V6.495,winter oilseedrape,ANJ-29,1.155629,43.495258,1.17,1.17,1.17,1.16,1.42,1.3,1.13,2.22,1.66,2.23,1.17
48,POINT (350984.21837727993 4817493.826133969),2018-03-01,0.0435,0.0648,0.066,0.3244,0.113,0.2995,0.3405,0.3562,0.1125,0.0558,0,0,0,0,54,158,1,255,2018-02-25,4 days,/work/CESBIO/projects/MAESTRIA/prosail_validation/validation_sites/T31TCJ/SENTINEL2B_20180225-105018-458_L2A_T31TCJ_C_V2-2_roi_0.tif,DHP,V6.495,winter oilseedrape,ANJ-29,1.15691,43.49552,1.02,1.01,1.02,0.99,1.06,1.01,0.9,2.09,1.53,2.09,1.0
49,POINT (357028.9186555887 4816007.441314055),2018-02-27,0.0383,0.0597,0.0695,0.2857,0.1162,0.2545,0.2895,0.3244,0.1674,0.0936,0,0,0,0,54,158,1,293,2018-02-25,2 days,/work/CESBIO/projects/MAESTRIA/prosail_validation/validation_sites/T31TCJ/SENTINEL2B_20180225-105018-458_L2A_T31TCJ_C_V2-2_roi_0.tif,DHP,V6.495,winter oilseedrape,BLA-1-6-B-Sud,1.232028,43.483323,0.87,0.9,0.87,0.88,1.14,1.01,0.87,1.08,0.91,1.08,0.89
50,POINT (356795.3553948401 4816426.183508198),2018-05-02,0.0301,0.051,0.0344,0.409,0.0667,0.2801,0.3961,0.416,0.1287,0.0597,0,0,0,0,33,155,1,296,2018-04-21,11 days,/work/CESBIO/projects/MAESTRIA/prosail_validation/validation_sites/T31TCJ/SENTINEL2A_20180421-105629-233_L2A_T31TCJ_C_V2-2_roi_0.tif,DHP,V6.492,winter wheat,BLA-1-4,1.229031,43.487047,,,,,,,,,,,
51,POINT (356795.3553948401 4816426.183508198),2018-06-20,0.009,0.028,0.0082,0.4472,0.0426,0.2723,0.4304,0.465,0.0996,0.0407,0,0,0,0,25,150,1,296,2018-05-21,30 days,/work/CESBIO/projects/MAESTRIA/prosail_validation/validation_sites/T31TCJ/SENTINEL2A_20180521-105702-711_L2A_T31TCJ_C_V2-2_roi_0.tif,DHP,V6.495,winter wheat,BLA-1-4,1.229031,43.487047,0.29,0.3,0.29,0.31,0.38,0.33,0.28,0.34,0.35,0.34,0.36
52,POINT (356795.3553948401 4816426.183508198),2018-05-29,0.009,0.028,0.0082,0.4472,0.0426,0.2723,0.4304,0.465,0.0996,0.0407,0,0,0,0,25,150,1,296,2018-05-21,8 days,/work/CESBIO/projects/MAESTRIA/prosail_validation/validation_sites/T31TCJ/SENTINEL2A_20180521-105702-711_L2A_T31TCJ_C_V2-2_roi_0.tif,DHP,V6.491,winter wheat,BLA-1-4,1.229031,43.487047,3.53,3.43,3.53,3.54,3.17,3.26,2.93,4.99,5.04,4.99,3.8
53,POINT (356795.3553948401 4816426.183508198),2018-04-04,0.0281,0.0524,0.0386,0.2701,0.089,0.2295,0.2681,0.2788,0.1421,0.0817,0,0,0,0,45,157,1,296,2018-03-22,13 days,/work/CESBIO/projects/MAESTRIA/prosail_validation/validation_sites/T31TCJ/SENTINEL2A_20180322-105809-862_L2A_T31TCJ_C_V2-2_roi_0.tif,DHP,V6.495,winter wheat,BLA-1-4,1.229031,43.487047,1.43,1.44,1.43,1.45,1.39,1.39,1.22,1.71,1.57,1.71,1.5
54,POINT (356795.5194854366 4816426.2911276),2017-11-29,0.0475,0.0722,0.088,0.1274,0.1001,0.1169,0.1225,0.1309,0.1527,0.1106,0,0,0,0,65,168,1,293,2017-11-27,2 days,/work/CESBIO/projects/MAESTRIA/prosail_validation/validation_sites/T31TCJ/SENTINEL2B_20171127-105827-648_L2A_T31TCJ_C_V2-2_roi_0.tif,DHP,V6.495,winter wheat,BLA-1-4,1.229033,43.487048,0.16,0.14,0.15,0.16,0.12,0.14,0.12,0.16,0.16,0.16,0.17
55,POINT (356795.5194854366 4816426.2911276),2018-02-27,0.0412,0.0781,0.0767,0.2272,0.126,0.2097,0.2264,0.2391,0.17,0.0995,0,0,0,0,54,158,1,293,2018-02-25,2 days,/work/CESBIO/projects/MAESTRIA/prosail_validation/validation_sites/T31TCJ/SENTINEL2B_20180225-105018-458_L2A_T31TCJ_C_V2-2_roi_0.tif,DHP,V6.495,winter wheat,BLA-1-4,1.229033,43.487048,0.84,0.71,0.84,0.77,0.58,0.67,0.63,1.04,0.82,1.04,0.77
56,POINT (357035.0079319571 4817048.08688083),2018-05-28,0.0303,0.0669,0.0251,0.4609,0.1075,0.3823,0.4495,0.4755,0.0832,0.0361,0,0,0,0,25,150,1,296,2018-05-21,7 days,/work/CESBIO/projects/MAESTRIA/prosail_validation/validation_sites/T31TCJ/SENTINEL2A_20180521-105702-711_L2A_T31TCJ_C_V2-2_roi_0.tif,DHP,V6.495,winter oilseedrape,BOP-9,1.23183,43.49269,1.9,1.87,1.9,1.87,1.96,1.9,1.68,2.34,2.23,2.34,2.01
57,POINT (356928.13110542204 4819568.138860158),2017-11-28,0.0371,0.0644,0.0368,0.4264,0.0993,0.3689,0.4209,0.4431,0.1313,0.0504,0,0,0,0,65,168,1,267,2017-11-27,1 days,/work/CESBIO/projects/MAESTRIA/prosail_validation/validation_sites/T31TCJ/SENTINEL2B_20171127-105827-648_L2A_T31TCJ_C_V2-2_roi_0.tif,DHP,V6.495,winter oilseedrape,BOP-13,1.229846,43.51535,1.74,1.8,1.74,1.75,2.0,1.82,1.62,3.88,3.52,3.88,1.81
58,POINT (359119.8760002184 4813078.632493912),2018-02-27,0.0384,0.0823,0.0559,0.3228,0.128,0.2973,0.3194,0.3313,0.1838,0.0971,0,0,0,0,54,158,2,293,2018-02-25,2 days,/work/CESBIO/projects/MAESTRIA/prosail_validation/validation_sites/T31TCJ/SENTINEL2B_20180225-105018-458_L2A_T31TCJ_C_V2-2_roi_0.tif,DHP,V6.495,winter barley,PAV-18-3-A,1.25863,43.45736,1.12,1.14,1.12,1.11,1.22,1.14,1.01,1.41,1.27,1.41,1.16
59,POINT (359133.3922350118 4813086.3496897975),2018-04-04,0.048,0.0889,0.0712,0.3468,0.1556,0.3116,0.3406,0.3511,0.1922,0.1071,0,0,0,0,52,158,2,296,2018-03-02,33 days,/work/CESBIO/projects/MAESTRIA/prosail_validation/validation_sites/T31TCJ/SENTINEL2A_20180302-105023-464_L2A_T31TCJ_C_V2-2_roi_0.tif,DHP,V6.495,winter barley,PAV-18-3-A,1.258795,43.457432,1.34,1.25,1.33,1.29,1.06,1.16,1.05,1.81,1.55,1.81,1.29
60,POINT (359171.75398383493 4813159.768230973),2018-05-04,0.0514,0.0861,0.0765,0.2661,0.1345,0.233,0.2658,0.2723,0.1663,0.1033,0,0,0,0,33,155,2,295,2018-04-21,13 days,/work/CESBIO/projects/MAESTRIA/prosail_validation/validation_sites/T31TCJ/SENTINEL2A_20180421-105629-233_L2A_T31TCJ_C_V2-2_roi_0.tif,DHP,V6.495,winter barley,PAV-18-3-A,1.25925,43.4581,,,,,,,,,,,
61,POINT (359171.75398383493 4813159.768230973),2018-06-20,0.0364,0.0723,0.0583,0.239,0.1127,0.2139,0.2375,0.2614,0.1585,0.0954,0,0,0,0,25,150,2,296,2018-05-21,30 days,/work/CESBIO/projects/MAESTRIA/prosail_validation/validation_sites/T31TCJ/SENTINEL2A_20180521-105702-711_L2A_T31TCJ_C_V2-2_roi_0.tif,DHP,V6.495,winter barley,PAV-18-3-A,1.25925,43.4581,0.27,0.37,0.27,0.25,0.63,0.46,0.39,0.3,0.42,0.3,0.26
62,POINT (359037.0336229536 4813208.140314833),2018-04-04,0.0417,0.0839,0.0618,0.3781,0.1522,0.3404,0.3753,0.3854,0.1916,0.101,0,0,0,0,52,158,2,296,2018-03-02,33 days,/work/CESBIO/projects/MAESTRIA/prosail_validation/validation_sites/T31TCJ/SENTINEL2A_20180302-105023-464_L2A_T31TCJ_C_V2-2_roi_0.tif,DHP,V6.495,winter barley,PAV-18-3-B,1.257573,43.45851,1.68,1.54,1.68,1.62,1.44,1.53,1.38,2.32,1.99,2.32,1.66
63,POINT (359331.2362130422 4813665.31340009),2018-04-04,0.0453,0.0749,0.0738,0.2888,0.1382,0.2588,0.2844,0.3015,0.1968,0.117,0,0,0,0,52,158,2,296,2018-03-02,33 days,/work/CESBIO/projects/MAESTRIA/prosail_validation/validation_sites/T31TCJ/SENTINEL2A_20180302-105023-464_L2A_T31TCJ_C_V2-2_roi_0.tif,DHP,V6.495,winter wheat,PAV-10,1.26109,43.46268,1.64,1.52,1.65,1.6,1.4,1.45,1.33,2.26,1.98,2.25,1.66
64,POINT (359331.2362130422 4813665.31340009),2018-06-20,0.0204,0.0439,0.0188,0.3109,0.0737,0.2479,0.3066,0.3324,0.1159,0.0544,0,0,0,0,25,150,2,296,2018-05-21,30 days,/work/CESBIO/projects/MAESTRIA/prosail_validation/validation_sites/T31TCJ/SENTINEL2A_20180521-105702-711_L2A_T31TCJ_C_V2-2_roi_0.tif,DHP,V6.495,winter wheat,PAV-10,1.26109,43.46268,0.31,0.33,0.31,0.32,0.52,0.43,0.36,0.38,0.4,0.38,0.33
65,POINT (359331.2362130422 4813665.31340009),2018-05-04,0.0356,0.064,0.0428,0.3313,0.0943,0.2725,0.3319,0.3481,0.1378,0.0721,0,0,0,0,33,155,2,295,2018-04-21,13 days,/work/CESBIO/projects/MAESTRIA/prosail_validation/validation_sites/T31TCJ/SENTINEL2A_20180421-105629-233_L2A_T31TCJ_C_V2-2_roi_0.tif,DHP,V6.492,winter wheat,PAV-10,1.26109,43.46268,2.7,,,,,,,3.54,,,
66,POINT (359379.5496775084 4813769.857746564),2018-02-27,0.0392,0.0679,0.0558,0.2703,0.1122,0.2492,0.2712,0.2834,0.1774,0.1006,0,0,0,0,54,158,2,293,2018-02-25,2 days,/work/CESBIO/projects/MAESTRIA/prosail_validation/validation_sites/T31TCJ/SENTINEL2B_20180225-105018-458_L2A_T31TCJ_C_V2-2_roi_0.tif,DHP,V6.495,winter wheat,PAV-10,1.26166,43.46363,0.52,0.51,0.53,0.51,0.51,0.51,0.45,0.67,0.6,0.68,0.51
67,POINT (360535.9694825271 4813813.590240535),2018-04-04,0.0516,0.0699,0.081,0.2782,0.1395,0.2467,0.2714,0.2846,0.1453,0.0851,0,0,0,0,52,158,2,295,2018-03-02,33 days,/work/CESBIO/projects/MAESTRIA/prosail_validation/validation_sites/T31TCJ/SENTINEL2A_20180302-105023-464_L2A_T31TCJ_C_V2-2_roi_0.tif,DHP,V6.495,winter oilseedrape,BOX-4,1.275938,43.4642399999999,0.74,0.82,0.73,0.79,1.23,1.02,0.84,1.08,1.11,1.08,0.84
68,POINT (358991.0302207536 4813264.657424471),2018-05-04,0.0526,0.0905,0.0873,0.2645,0.1437,0.2406,0.2677,0.2827,0.1802,0.1162,0,0,0,0,33,155,2,296,2018-04-21,13 days,/work/CESBIO/projects/MAESTRIA/prosail_validation/validation_sites/T31TCJ/SENTINEL2A_20180421-105629-233_L2A_T31TCJ_C_V2-2_roi_0.tif,DHP,V6.495,winter barley,PAV-18-3-B,1.25699,43.45901,,,,,,,,,,,
69,POINT (358991.0302207536 4813264.657424471),2018-06-20,0.0354,0.0696,0.0597,0.2442,0.1118,0.215,0.2437,0.2644,0.1609,0.0962,0,0,0,0,25,150,2,296,2018-05-21,30 days,/work/CESBIO/projects/MAESTRIA/prosail_validation/validation_sites/T31TCJ/SENTINEL2A_20180521-105702-711_L2A_T31TCJ_C_V2-2_roi_0.tif,DHP,V6.495,winter barley,PAV-18-3-B,1.25699,43.45901,0.29,0.39,0.29,0.28,0.66,0.48,0.4,0.33,0.44,0.33,0.29
70,POINT (358888.4719634021 4813275.6935910145),2018-02-27,0.041,0.0825,0.0559,0.3443,0.1335,0.3153,0.3518,0.36,0.1785,0.091,0,0,0,0,54,158,2,293,2018-02-25,2 days,/work/CESBIO/projects/MAESTRIA/prosail_validation/validation_sites/T31TCJ/SENTINEL2B_20180225-105018-458_L2A_T31TCJ_C_V2-2_roi_0.tif,DHP,V6.495,winter barley,PAV-18-3-B,1.25572,43.45909,1.34,1.32,1.34,1.31,1.27,1.34,1.13,1.67,1.63,1.67,1.43
71,POINT (357167.28269570717 4814169.737223526),2018-02-27,0.045,0.0722,0.0693,0.3498,0.127,0.2948,0.3309,0.3413,0.1659,0.0916,0,0,0,0,54,158,1,293,2018-02-25,2 days,/work/CESBIO/projects/MAESTRIA/prosail_validation/validation_sites/T31TCJ/SENTINEL2B_20180225-105018-458_L2A_T31TCJ_C_V2-2_roi_0.tif,DHP,V6.495,winter oilseedrape,MER-27,1.23422,43.46681,0.82,0.75,0.82,0.73,0.75,0.79,0.71,1.61,1.03,1.61,0.67
72,POINT (357167.28269570717 4814169.737223526),2017-11-28,0.0524,0.0769,0.0908,0.1798,0.1178,0.1626,0.1693,0.181,0.1834,0.1308,0,0,0,0,65,168,1,293,2017-11-27,1 days,/work/CESBIO/projects/MAESTRIA/prosail_validation/validation_sites/T31TCJ/SENTINEL2B_20171127-105827-648_L2A_T31TCJ_C_V2-2_roi_0.tif,DHP,V6.495,winter oilseedrape,MER-27,1.23422,43.46681,0.11,0.11,0.11,0.08,0.13,0.13,0.11,0.22,0.17,0.22,0.05
73,POINT (357142.3965978584 4814183.04273498),2018-04-05,0.0565,0.0816,0.0946,0.3547,0.1615,0.3211,0.3538,0.3674,0.1703,0.097,0,0,0,0,52,158,2,296,2018-03-02,34 days,/work/CESBIO/projects/MAESTRIA/prosail_validation/validation_sites/T31TCJ/SENTINEL2A_20180302-105023-464_L2A_T31TCJ_C_V2-2_roi_0.tif,DHP,V6.495,winter oilseedrape,MER-27,1.233909,43.466925,0.62,0.69,0.62,0.73,0.89,0.75,0.62,0.98,0.84,0.97,0.77
74,POINT (357117.26402976183 4814215.242322928),2018-05-28,0.0626,0.1082,0.0929,0.3672,0.1679,0.3302,0.3553,0.3783,0.1789,0.1199,0,0,0,0,25,150,2,296,2018-05-21,7 days,/work/CESBIO/projects/MAESTRIA/prosail_validation/validation_sites/T31TCJ/SENTINEL2A_20180521-105702-711_L2A_T31TCJ_C_V2-2_roi_0.tif,DHP,V6.495,winter oilseedrape,MER-27,1.23359,43.46721,1.88,1.79,1.88,1.82,1.64,1.71,1.54,2.39,2.16,2.39,1.85
75,POINT (357117.26402976183 4814215.242322928),2018-05-04,0.0595,0.0885,0.1055,0.3066,0.1556,0.2879,0.3187,0.3371,0.1754,0.1065,0,0,0,0,52,158,2,296,2018-03-02,63 days,/work/CESBIO/projects/MAESTRIA/prosail_validation/validation_sites/T31TCJ/SENTINEL2A_20180302-105023-464_L2A_T31TCJ_C_V2-2_roi_0.tif,DHP,V6.495,winter oilseedrape,MER-27,1.23359,43.46721,1.83,1.87,1.83,1.87,1.75,1.81,1.54,2.61,2.68,2.62,2.11
76,POINT (357438.509720561 4814710.652241848),2017-11-28,0.0573,0.0895,0.1107,0.1726,0.1278,0.1579,0.1682,0.1778,0.2024,0.1446,0,0,0,0,65,168,1,293,2017-11-27,1 days,/work/CESBIO/projects/MAESTRIA/prosail_validation/validation_sites/T31TCJ/SENTINEL2B_20171127-105827-648_L2A_T31TCJ_C_V2-2_roi_0.tif,DHP,V6.495,winter oilseedrape,MER-37,1.23743,43.47173,0.03,0.04,0.03,0.03,0.04,0.04,0.03,0.05,0.04,0.05,0.0
77,POINT (357501.56609843497 4814745.983889385),2018-05-28,0.0485,0.0855,0.0641,0.3441,0.1357,0.3031,0.3384,0.3598,0.1537,0.0948,0,0,0,0,25,150,2,296,2018-05-21,7 days,/work/CESBIO/projects/MAESTRIA/prosail_validation/validation_sites/T31TCJ/SENTINEL2A_20180521-105702-711_L2A_T31TCJ_C_V2-2_roi_0.tif,DHP,V6.495,winter oilseedrape,MER-37,1.2382,43.4720599999999,1.55,1.4,1.55,1.48,1.43,1.45,1.31,1.94,1.64,1.94,1.5
78,POINT (357501.56609843497 4814745.983889385),2018-02-27,0.0456,0.0818,0.0655,0.38,0.128,0.3368,0.3762,0.3926,0.1764,0.089,0,0,0,0,54,158,1,293,2018-02-25,2 days,/work/CESBIO/projects/MAESTRIA/prosail_validation/validation_sites/T31TCJ/SENTINEL2B_20180225-105018-458_L2A_T31TCJ_C_V2-2_roi_0.tif,DHP,V6.495,winter oilseedrape,MER-37,1.2382,43.4720599999999,0.69,0.69,0.69,0.65,0.9,0.77,0.68,1.5,1.14,1.5,0.67
79,POINT (357109.40728736285 4816323.175367713),2018-02-27,0.0311,0.0528,0.028,0.4943,0.0914,0.3538,0.4295,0.4676,0.1311,0.0533,0,0,0,0,54,158,1,293,2018-02-25,2 days,/work/CESBIO/projects/MAESTRIA/prosail_validation/validation_sites/T31TCJ/SENTINEL2B_20180225-105018-458_L2A_T31TCJ_C_V2-2_roi_0.tif,DHP,V6.495,winter oilseedrape,BLA-1-6,1.23294,43.48618,1.01,0.99,1.01,0.98,1.11,1.03,0.91,1.88,1.29,1.88,0.99
80,POINT (357109.40728736285 4816323.175367713),2018-05-28,0.0309,0.0692,0.0276,0.4917,0.1066,0.3979,0.4845,0.5027,0.0815,0.0363,0,0,0,0,25,150,1,296,2018-05-21,7 days,/work/CESBIO/projects/MAESTRIA/prosail_validation/validation_sites/T31TCJ/SENTINEL2A_20180521-105702-711_L2A_T31TCJ_C_V2-2_roi_0.tif,DHP,V6.495,winter oilseedrape,BLA-1-6,1.23294,43.48618,2.01,2.01,2.01,2.03,2.08,2.02,1.77,2.47,2.45,2.47,2.14
81,POINT (357109.40728736285 4816323.175367713),2017-11-29,0.0397,0.0678,0.0382,0.4453,0.0935,0.3761,0.4419,0.4607,0.1329,0.0509,0,0,0,0,65,168,1,293,2017-11-27,2 days,/work/CESBIO/projects/MAESTRIA/prosail_validation/validation_sites/T31TCJ/SENTINEL2B_20171127-105827-648_L2A_T31TCJ_C_V2-2_roi_0.tif,DHP,V6.495,winter oilseedrape,BLA-1-6,1.23294,43.48618,1.06,1.08,1.05,1.13,1.45,1.23,1.06,1.98,1.62,1.98,1.29
82,POINT (357109.40728736285 4816323.175367713),2018-04-04,0.0235,0.0367,0.0155,0.4452,0.0558,0.3322,0.4181,0.4287,0.0881,0.0419,0,0,0,0,45,157,1,296,2018-03-22,13 days,/work/CESBIO/projects/MAESTRIA/prosail_validation/validation_sites/T31TCJ/SENTINEL2A_20180322-105809-862_L2A_T31TCJ_C_V2-2_roi_0.tif,DHP,V6.495,winter oilseedrape,BLA-1-6,1.23294,43.48618,0.88,0.97,0.88,0.98,1.32,1.12,0.93,1.1,1.0,1.1,1.07
83,POINT (357331.6090905318 4816920.680958408),2018-05-29,0.0115,0.032,0.013,0.3935,0.048,0.2565,0.3706,0.4067,0.0997,0.0456,0,0,0,0,25,150,1,296,2018-05-21,8 days,/work/CESBIO/projects/MAESTRIA/prosail_validation/validation_sites/T31TCJ/SENTINEL2A_20180521-105702-711_L2A_T31TCJ_C_V2-2_roi_0.tif,DHP,V6.491,winter wheat,BLA-4,1.23553,43.4916,3.36,3.36,3.36,3.38,2.79,3.01,2.68,4.8,4.6,4.8,3.6
84,POINT (357331.6090905318 4816920.680958408),2018-05-04,0.03,0.0502,0.0333,0.3249,0.0687,0.2449,0.3267,0.3507,0.1195,0.0605,0,0,0,0,33,155,2,296,2018-04-21,13 days,/work/CESBIO/projects/MAESTRIA/prosail_validation/validation_sites/T31TCJ/SENTINEL2A_20180421-105629-233_L2A_T31TCJ_C_V2-2_roi_0.tif,DHP,V6.495,winter wheat,BLA-4,1.23553,43.4916,2.8,,,,,,,3.93,,,
85,POINT (357331.6090905318 4816920.680958408),2018-04-04,0.029,0.053,0.0433,0.2577,0.0839,0.2173,0.2611,0.276,0.1364,0.0812,0,0,0,0,45,157,1,296,2018-03-22,13 days,/work/CESBIO/projects/MAESTRIA/prosail_validation/validation_sites/T31TCJ/SENTINEL2A_20180322-105809-862_L2A_T31TCJ_C_V2-2_roi_0.tif,DHP,V6.492,winter wheat,BLA-4,1.23553,43.4916,2.05,2.1,2.05,2.08,1.97,1.98,1.73,2.76,2.73,2.76,2.27
86,POINT (357331.6090905318 4816920.680958408),2018-06-20,0.0115,0.032,0.013,0.3935,0.048,0.2565,0.3706,0.4067,0.0997,0.0456,0,0,0,0,25,150,1,296,2018-05-21,30 days,/work/CESBIO/projects/MAESTRIA/prosail_validation/validation_sites/T31TCJ/SENTINEL2A_20180521-105702-711_L2A_T31TCJ_C_V2-2_roi_0.tif,DHP,V6.495,winter wheat,BLA-4,1.23553,43.4916,0.06,0.08,0.06,0.05,0.14,0.1,0.09,0.06,0.09,0.07,0.05
87,POINT (357367.1701126823 4816995.482327597),2018-02-27,0.0428,0.0692,0.0632,0.2507,0.1168,0.2235,0.2475,0.2545,0.1743,0.1014,0,0,0,0,54,158,1,293,2018-02-25,2 days,/work/CESBIO/projects/MAESTRIA/prosail_validation/validation_sites/T31TCJ/SENTINEL2B_20180225-105018-458_L2A_T31TCJ_C_V2-2_roi_0.tif,DHP,V6.492,winter wheat,BLA-4,1.23595,43.49228,0.72,0.69,0.73,0.7,0.59,0.64,0.57,0.84,0.77,0.83,0.72
88,POINT (360528.7691026892 4813821.516874786),2018-02-27,0.0523,0.0689,0.0882,0.2426,0.1296,0.2265,0.2578,0.2793,0.156,0.0893,0,0,0,0,54,158,2,293,2018-02-25,2 days,/work/CESBIO/projects/MAESTRIA/prosail_validation/validation_sites/T31TCJ/SENTINEL2B_20180225-105018-458_L2A_T31TCJ_C_V2-2_roi_0.tif,DHP,V6.495,winter oilseedrape,BOX-4,1.275847,43.4643099999999,0.8,0.84,0.81,0.83,0.9,0.84,0.73,1.43,1.23,1.43,0.93
89,POINT (360496.7346973149 4813849.512790719),2017-11-28,0.0443,0.0687,0.0566,0.3204,0.102,0.2742,0.3039,0.3193,0.1493,0.0834,0,0,0,0,65,168,2,293,2017-11-27,1 days,/work/CESBIO/projects/MAESTRIA/prosail_validation/validation_sites/T31TCJ/SENTINEL2B_20171127-105827-648_L2A_T31TCJ_C_V2-2_roi_0.tif,DHP,V6.495,winter oilseedrape,BOX-4,1.275444,43.464556,0.86,0.84,0.86,0.82,1.02,0.96,0.83,2.12,1.56,2.12,0.92
90,POINT (360258.14064841135 4814067.119349233),2017-11-28,0.0376,0.0648,0.0379,0.4545,0.0921,0.3937,0.4526,0.4724,0.1338,0.0504,0,0,0,0,65,168,2,293,2017-11-27,1 days,/work/CESBIO/projects/MAESTRIA/prosail_validation/validation_sites/T31TCJ/SENTINEL2B_20171127-105827-648_L2A_T31TCJ_C_V2-2_roi_0.tif,DHP,V6.495,winter oilseedrape,BOX-3,1.27244,43.46647,2.18,2.18,2.18,2.14,3.51,2.8,2.4,3.69,4.1,3.69,2.22
91,POINT (360267.4995054506 4814089.146769378),2018-05-28,0.0373,0.0745,0.0342,0.4529,0.1198,0.3776,0.4445,0.4685,0.0843,0.0391,0,0,0,0,25,150,2,295,2018-05-21,7 days,/work/CESBIO/projects/MAESTRIA/prosail_validation/validation_sites/T31TCJ/SENTINEL2A_20180521-105702-711_L2A_T31TCJ_C_V2-2_roi_0.tif,DHP,V6.495,winter oilseedrape,BOX-3,1.27255,43.46667,1.94,1.99,1.94,1.95,2.09,1.98,1.73,2.42,2.25,2.42,2.01
92,POINT (360267.4995054506 4814089.146769378),2018-05-04,0.0425,0.1135,0.0882,0.5157,0.1504,0.423,0.5249,0.5427,0.1318,0.0642,0,0,0,0,33,155,2,295,2018-04-21,13 days,/work/CESBIO/projects/MAESTRIA/prosail_validation/validation_sites/T31TCJ/SENTINEL2A_20180421-105629-233_L2A_T31TCJ_C_V2-2_roi_0.tif,DHP,V6.495,winter oilseedrape,BOX-3,1.27255,43.46667,2.9,2.89,2.9,2.87,2.91,2.81,2.45,4.1,4.2,4.11,3.26
93,POINT (360267.4995054506 4814089.146769378),2018-04-04,0.0379,0.0616,0.052,0.3968,0.1187,0.3515,0.4064,0.4292,0.1403,0.0711,0,0,0,0,52,158,2,295,2018-03-02,33 days,/work/CESBIO/projects/MAESTRIA/prosail_validation/validation_sites/T31TCJ/SENTINEL2A_20180302-105023-464_L2A_T31TCJ_C_V2-2_roi_0.tif,DHP,V6.495,winter oilseedrape,BOX-3,1.27255,43.46667,0.96,1.15,0.95,1.24,1.87,1.39,1.14,1.3,1.46,1.3,1.31
94,POINT (360378.7451864908 4814263.501234847),2018-02-27,0.0352,0.056,0.0523,0.3219,0.0964,0.3259,0.3531,0.3885,0.1374,0.0641,0,0,0,0,54,158,2,293,2018-02-25,2 days,/work/CESBIO/projects/MAESTRIA/prosail_validation/validation_sites/T31TCJ/SENTINEL2B_20180225-105018-458_L2A_T31TCJ_C_V2-2_roi_0.tif,DHP,V6.495,winter oilseedrape,BOX-3,1.27388,43.46826,1.6,1.59,1.6,1.6,1.97,1.79,1.54,2.31,1.74,2.31,1.59
95,POINT (365017.2834146758 4818096.829159316),2018-05-28,0.0289,0.0602,0.0401,0.2503,0.0945,0.2262,0.2594,0.277,0.1184,0.0626,0,0,0,0,25,150,2,294,2018-05-21,7 days,/work/CESBIO/projects/MAESTRIA/prosail_validation/validation_sites/T31TCJ/SENTINEL2A_20180521-105702-711_L2A_T31TCJ_C_V2-2_roi_0.tif,DHP,V6.491,winter wheat,PAV-17,1.330251,43.503613,3.8,3.6,3.8,3.76,2.98,3.26,2.97,4.69,4.38,4.69,3.95
96,POINT (365017.2834146758 4818096.829159316),2018-04-04,0.0702,0.0998,0.1011,0.2281,0.1416,0.2191,0.2309,0.232,0.1645,0.1111,0,0,0,0,52,158,2,294,2018-03-02,33 days,/work/CESBIO/projects/MAESTRIA/prosail_validation/validation_sites/T31TCJ/SENTINEL2A_20180302-105023-464_L2A_T31TCJ_C_V2-2_roi_0.tif,DHP,V6.495,winter wheat,PAV-17,1.330251,43.503613,1.23,1.14,1.23,1.18,1.02,1.09,1.0,1.58,1.41,1.58,1.22
97,POINT (379094.95532199205 4820306.177671071),2018-05-30,0.0198,0.0428,0.0276,0.3618,0.0768,0.2565,0.3372,0.3624,0.1404,0.0727,0,0,0,0,25,151,3,292,2018-05-21,9 days,/work/CESBIO/projects/MAESTRIA/prosail_validation/validation_sites/T31TCJ/SENTINEL2A_20180521-105702-711_L2A_T31TCJ_C_V2-2_roi_0.tif,DHP,V6.491,winter wheat,AUZ-2-2-ME,1.50384,43.52591,3.06,2.92,3.06,3.03,2.54,2.72,2.45,4.37,4.04,4.37,3.19
98,POINT (357035.0079319571 4817048.08688083),2018-05-04,0.0522,0.128,0.1055,0.4943,0.1563,0.398,0.4836,0.5018,0.151,0.0762,0,0,0,0,33,155,1,296,2018-04-21,13 days,/work/CESBIO/projects/MAESTRIA/prosail_validation/validation_sites/T31TCJ/SENTINEL2A_20180421-105629-233_L2A_T31TCJ_C_V2-2_roi_0.tif,DHP,V6.495,winter oilseedrape,BOP-9,1.23183,43.49269,2.77,2.8,2.77,2.81,2.78,2.75,2.39,3.82,3.85,3.82,3.03
99,POINT (357084.81902665924 4817108.139718194),2017-11-28,0.0426,0.0698,0.0585,0.2992,0.1027,0.2535,0.2872,0.3049,0.1452,0.0748,0,0,0,0,65,168,1,293,2017-11-27,1 days,/work/CESBIO/projects/MAESTRIA/prosail_validation/validation_sites/T31TCJ/SENTINEL2B_20171127-105827-648_L2A_T31TCJ_C_V2-2_roi_0.tif,DHP,V6.495,winter oilseedrape,BOP-9,1.23243,43.49324,0.78,0.8,0.78,0.79,0.91,0.85,0.72,1.22,0.9,1.22,0.83
100,POINT (357051.6147779844 4817144.400542486),2018-02-27,0.0408,0.0632,0.0609,0.3163,0.113,0.2638,0.2958,0.316,0.1625,0.0925,0,0,0,0,54,158,1,293,2018-02-25,2 days,/work/CESBIO/projects/MAESTRIA/prosail_validation/validation_sites/T31TCJ/SENTINEL2B_20180225-105018-458_L2A_T31TCJ_C_V2-2_roi_0.tif,DHP,V6.495,winter oilseedrape,BOP-9,1.23201,43.49356,0.9,0.84,0.9,0.85,1.04,0.96,0.85,1.29,0.97,1.29,0.86
101,POINT (357051.6147779844 4817144.400542486),2018-04-06,0.0272,0.0446,0.0318,0.3192,0.0727,0.259,0.3053,0.3137,0.1136,0.0651,0,0,0,0,45,157,1,296,2018-03-22,15 days,/work/CESBIO/projects/MAESTRIA/prosail_validation/validation_sites/T31TCJ/SENTINEL2A_20180322-105809-862_L2A_T31TCJ_C_V2-2_roi_0.tif,DHP,V6.495,winter oilseedrape,BOP-9,1.23201,43.49356,1.85,2.14,1.85,2.09,2.44,2.2,1.82,3.17,2.49,3.17,2.26
102,POINT (358580.899225894 4817815.96569697),2018-04-04,0.0369,0.0672,0.043,0.3426,0.118,0.3098,0.3544,0.3726,0.1626,0.081,0,0,0,0,52,158,2,296,2018-03-02,33 days,/work/CESBIO/projects/MAESTRIA/prosail_validation/validation_sites/T31TCJ/SENTINEL2A_20180302-105023-464_L2A_T31TCJ_C_V2-2_roi_0.tif,DHP,V6.492,winter wheat,LAM-3-2,1.250741,43.499895,2.71,3.08,2.71,2.89,2.85,2.77,2.38,3.9,4.18,3.9,3.19
103,POINT (358504.56316665234 4817843.681727845),2018-06-20,0.025,0.0482,0.0298,0.3403,0.0746,0.257,0.3286,0.3506,0.1208,0.058,0,0,0,0,27,152,2,296,2018-05-11,40 days,/work/CESBIO/projects/MAESTRIA/prosail_validation/validation_sites/T31TCJ/SENTINEL2A_20180511-105804-037_L2A_T31TCJ_C_V2-2_roi_0.tif,DHP,V6.495,winter wheat,LAM-3-2,1.24979,43.50013,0.06,0.08,0.06,0.07,0.14,0.11,0.09,0.07,0.09,0.07,0.07
104,POINT (358504.56316665234 4817843.681727845),2018-05-28,0.025,0.0482,0.0298,0.3403,0.0746,0.257,0.3286,0.3506,0.1208,0.058,0,0,0,0,27,152,2,296,2018-05-11,17 days,/work/CESBIO/projects/MAESTRIA/prosail_validation/validation_sites/T31TCJ/SENTINEL2A_20180511-105804-037_L2A_T31TCJ_C_V2-2_roi_0.tif,DHP,V6.495,winter wheat,LAM-3-2,1.24979,43.50013,4.14,4.15,4.14,4.17,3.64,3.85,3.37,5.72,5.61,5.72,4.55
105,POINT (358504.56316665234 4817843.681727845),2018-05-04,0.0251,0.0475,0.0267,0.3498,0.0697,0.2634,0.3352,0.3555,0.1313,0.0633,0,0,0,0,33,155,2,296,2018-04-21,13 days,/work/CESBIO/projects/MAESTRIA/prosail_validation/validation_sites/T31TCJ/SENTINEL2A_20180421-105629-233_L2A_T31TCJ_C_V2-2_roi_0.tif,DHP,V6.495,winter wheat,LAM-3-2,1.24979,43.50013,3.39,3.43,3.39,3.4,3.0,3.09,2.74,4.88,4.95,4.88,3.86
106,POINT (358504.56316665234 4817843.681727845),2018-03-01,0.022,0.0622,0.0221,0.3924,0.1036,0.3401,0.3862,0.3973,0.1419,0.0604,0,0,0,0,54,158,2,293,2018-02-25,4 days,/work/CESBIO/projects/MAESTRIA/prosail_validation/validation_sites/T31TCJ/SENTINEL2B_20180225-105018-458_L2A_T31TCJ_C_V2-2_roi_0.tif,DHP,V6.495,winter wheat,LAM-3-2,1.24979,43.50013,1.45,1.41,1.44,1.41,1.66,1.52,1.35,1.67,1.46,1.67,1.47
107,POINT (379094.95532199205 4820306.177671071),2018-05-05,0.0285,0.0582,0.0322,0.4171,0.094,0.315,0.3948,0.4196,0.1743,0.088,0,0,0,0,33,155,3,292,2018-04-21,14 days,/work/CESBIO/projects/MAESTRIA/prosail_validation/validation_sites/T31TCJ/SENTINEL2A_20180421-105629-233_L2A_T31TCJ_C_V2-2_roi_0.tif,DHP,V6.492,winter wheat,AUZ-2-2-ME,1.50384,43.52591,,,,,,,,,,,
108,POINT (379094.95532199205 4820306.177671071),2018-04-03,0.0368,0.068,0.0582,0.2791,0.1063,0.2428,0.2793,0.2914,0.1625,0.091,0,0,0,0,41,157,3,292,2018-04-01,2 days,/work/CESBIO/projects/MAESTRIA/prosail_validation/validation_sites/T31TCJ/SENTINEL2A_20180401-105529-510_L2A_T31TCJ_C_V2-2_roi_0.tif,DHP,V6.492,winter wheat,AUZ-2-2-ME,1.50384,43.52591,2.33,2.28,2.33,2.33,1.98,2.11,1.88,3.34,3.02,3.34,2.53
109,POINT (379551.10866501246 4820319.0963221295),2018-02-28,0.0407,0.0707,0.0682,0.2258,0.1188,0.1942,0.2072,0.2271,0.1872,0.1081,0,0,0,0,54,159,3,290,2018-02-25,3 days,/work/CESBIO/projects/MAESTRIA/prosail_validation/validation_sites/T31TCJ/SENTINEL2B_20180225-105018-458_L2A_T31TCJ_C_V2-2_roi_0.tif,DHP,V6.495,winter wheat,AUZ-10-1-PP,1.50948,43.5261,0.54,0.51,0.55,0.49,0.5,0.51,0.47,0.72,0.55,0.72,0.47
110,POINT (379551.10866501246 4820319.0963221295),2018-05-30,0.022,0.0406,0.0278,0.3037,0.0669,0.2284,0.2962,0.3174,0.1315,0.0693,0,0,0,0,25,151,3,292,2018-05-21,9 days,/work/CESBIO/projects/MAESTRIA/prosail_validation/validation_sites/T31TCJ/SENTINEL2A_20180521-105702-711_L2A_T31TCJ_C_V2-2_roi_0.tif,DHP,V6.491,winter wheat,AUZ-10-1-PP,1.50948,43.5261,2.79,2.58,2.79,2.76,2.25,2.45,2.21,3.91,3.69,3.91,2.88
111,POINT (379551.10866501246 4820319.0963221295),2018-05-05,0.0314,0.0596,0.0454,0.3516,0.1011,0.2804,0.3413,0.3582,0.1811,0.0971,0,0,0,0,33,155,3,292,2018-04-21,14 days,/work/CESBIO/projects/MAESTRIA/prosail_validation/validation_sites/T31TCJ/SENTINEL2A_20180421-105629-233_L2A_T31TCJ_C_V2-2_roi_0.tif,DHP,V6.495,winter wheat,AUZ-10-1-PP,1.50948,43.5261,,,,,,,,,,,
112,POINT (379551.10866501246 4820319.0963221295),2018-04-03,0.0368,0.0695,0.0546,0.3021,0.1148,0.2534,0.2902,0.3046,0.1627,0.0829,0,0,0,0,41,157,3,292,2018-04-01,2 days,/work/CESBIO/projects/MAESTRIA/prosail_validation/validation_sites/T31TCJ/SENTINEL2A_20180401-105529-510_L2A_T31TCJ_C_V2-2_roi_0.tif,DHP,V6.495,winter wheat,AUZ-10-1-PP,1.50948,43.5261,1.71,1.65,1.71,1.64,1.43,1.52,1.37,2.31,1.99,2.31,1.69
113,POINT (379111.73043892207 4820321.984937879),2018-02-28,0.055,0.0929,0.092,0.2339,0.147,0.2172,0.2331,0.2401,0.2081,0.1321,0,0,0,0,54,159,3,290,2018-02-25,3 days,/work/CESBIO/projects/MAESTRIA/prosail_validation/validation_sites/T31TCJ/SENTINEL2B_20180225-105018-458_L2A_T31TCJ_C_V2-2_roi_0.tif,DHP,V6.495,winter wheat,AUZ-2-2-ME,1.504044,43.526055,0.74,0.64,0.74,0.67,0.49,0.59,0.54,0.95,0.77,0.95,0.69
