,geometry,field_date,B2,B3,B4,B8,B5,B6,B7,B8A,B11,B12,sat_mask,cloud_mask,edge_mask,geophysical_mask,sun_zen,sun_az,join_zen,join_az,s2_date,time_delta,s2_filenames,FID_,X_UTM,Y_UTM,StudySite,ESUnumber,CropType,Scientific,CropHeight,Rowspacing,LeafType,PhenoState,RowOrienta,SkyCond,SamplStrat,Irrigation,b_Tilled,Operators,d_observa,LAI_g_B,fCover,LicorLAI,Pocket_LAI,AccuPAR,443_1,490_1,560_1,665_1,705_1,740_1,783_1,842_1,865_1,945_1,1610_1,2190_1
11,POINT (343719.0136011294 4600672.778115908),2017-06-21,0.0329,0.0496,0.027,0.4334,0.0732,0.2966,0.4367,0.4619,0.1313,0.0828,0,0,0,0,31,152,0,0,2017-04-22,60 days,/work/CESBIO/projects/MAESTRIA/prosail_validation/validation_sites/T30TUM/SENTINEL2A_20170422-111300-457_L2A_T30TUM_D_V1-4_roi_0.tif,33.0,343719.0136,4600672.778,Greg,34.0,CEBADA,Hordeum vulgare,0.12,0.12,N,SE,300NW,PC,D,I,0.0,VPG,RASTROJO,b,0.0,0.632,1.18,1.044,0.0784,0.1365,0.1897,0.2803,0.3345,0.3453,0.3761,0.3898,0.435,0.385,0.4706,0.2957
49,POINT (345418.7207011274 4626479.745116205),2017-06-20,0.0,0.0267,0.0049,0.1435,0.0181,0.071,0.1082,0.1251,0.0505,0.0254,0,0,0,0,23,144,0,0,2017-06-01,19 days,/work/CESBIO/projects/MAESTRIA/prosail_validation/validation_sites/T30TUM/SENTINEL2A_20170601-111225-371_L2A_T30TUM_D_V1-4_roi_0.tif,9.0,345418.7207,4626479.745,MR,10.0,TRITORDEUM,Tritordeum,0.0,0.12,N,MA,98E,PC,D,I,0.0,VPG,Aun verdea. Phenological state between madure and senescent: LAI brown or mix,b,0.0,2.88,2.743333333,2.754614013,0.0662,0.0788,0.1248,0.1889,0.218,0.2365,0.2582,0.2696,0.2977,0.3138,0.384,0.2619
50,POINT (345419.49010112736 4626521.752116205),2017-06-20,0.0,0.0088,0.0146,0.0673,0.0223,0.0465,0.0627,0.0713,0.0711,0.0474,0,0,0,0,23,144,0,0,2017-06-01,19 days,/work/CESBIO/projects/MAESTRIA/prosail_validation/validation_sites/T30TUM/SENTINEL2A_20170601-111225-371_L2A_T30TUM_D_V1-4_roi_0.tif,8.0,345419.4901,4626521.752,MR,9.0,ALPISTE,Phalaris canariensis,0.64,0.15,N,SE,170S,PC,D,R,0.0,VPG,alpiste 1,b,0.0,0.739,2.03,0.805589348,0.0727,0.0881,0.1397,0.2094,0.2355,0.2458,0.2641,0.2792,0.2916,0.3308,0.4381,0.3203
53,POINT (345266.39401612885 4627200.7673262125),2017-07-21,0.0733,0.121,0.1647,0.3817,0.2232,0.3257,0.3692,0.4093,0.3764,0.2539,0,0,0,0,22,139,1,83,2017-07-01,20 days,/work/CESBIO/projects/MAESTRIA/prosail_validation/validation_sites/T30TUM/SENTINEL2A_20170701-111746-961_L2A_T30TUM_D_V1-7_roi_0.tif,53.0,345266.394015,4627200.76721,MR,51.0,GARBANZOS,Cicer arietinum,0.45,0.2,N,SE,225SW,CL,S,R,0.0,VPG,LAI mixto muchas hierbas verdes intercaladas,mixto,0.0,0.0,0.0,0.73,0.0635,0.0625,0.1048,0.1254,0.1926,0.2929,0.327,0.3445,0.3626,0.367,0.35,0.2444
15,POINT (339495.34040115966 4602413.563115933),2017-06-14,0.1,0.1425,0.1903,0.238,0.2025,0.2197,0.2354,0.2433,0.2992,0.2321,0,0,0,0,31,152,0,0,2017-04-22,53 days,/work/CESBIO/projects/MAESTRIA/prosail_validation/validation_sites/T30TUM/SENTINEL2A_20170422-111300-457_L2A_T30TUM_D_V1-4_roi_0.tif,46.0,339495.3404,4602413.563,Greg,47.0,Bare soil,,0.0,0.0,,,,,,,0.0,VPG,tillage nivel 2,,0.0,0.0,0.0,0.0,0.0,0.0,0.0,0.0,0.0,0.0,0.0,0.0,0.0,0.0,0.0,0.0
53,POINT (345266.39401612885 4627200.7673262125),2017-07-21,0.0,0.0146,0.0096,0.1875,0.0337,0.1441,0.1798,0.1981,0.1035,0.0566,0,0,0,0,23,144,0,0,2017-06-01,50 days,/work/CESBIO/projects/MAESTRIA/prosail_validation/validation_sites/T30TUM/SENTINEL2A_20170601-111225-371_L2A_T30TUM_D_V1-4_roi_0.tif,53.0,345266.394015,4627200.76721,MR,51.0,GARBANZOS,Cicer arietinum,0.45,0.2,N,SE,225SW,CL,S,R,0.0,VPG,LAI mixto muchas hierbas verdes intercaladas,mixto,0.0,0.0,0.0,0.73,0.0635,0.0625,0.1048,0.1254,0.1926,0.2929,0.327,0.3445,0.3626,0.367,0.35,0.2444
17,POINT (343557.06740114035 4624903.450116187),2017-06-21,0.05,0.0802,0.0711,0.4703,0.1496,0.36,0.4482,0.4889,0.2974,0.1686,0,0,0,0,32,152,0,0,2017-04-22,60 days,/work/CESBIO/projects/MAESTRIA/prosail_validation/validation_sites/T30TUM/SENTINEL2A_20170422-111300-457_L2A_T30TUM_D_V1-4_roi_0.tif,23.0,343557.0674,4624903.45,MR,24.0,MEZCLA AVENA-TRIGO,Triticum spp - Avena sativa,0.45,0.12,N,SE,145SE,CL,D,R,0.0,VPG,principalmente avena a punto de cosechar. Vemos la cosechadora al final de la parcela. Hay una zona con avena mas alta y cerca un cerco con avena malnacida,b,0.0,1.65,1.973333333,0.9125,0.0641,0.0859,0.1278,0.2022,0.2583,0.2897,0.3161,0.3417,0.3654,0.3556,0.4206,0.2738
18,POINT (343615.19700113893 4624990.856116179),2017-06-21,0.0661,0.1114,0.1649,0.2995,0.1981,0.2646,0.2912,0.3085,0.3486,0.2782,0,0,0,0,32,152,0,0,2017-04-22,60 days,/work/CESBIO/projects/MAESTRIA/prosail_validation/validation_sites/T30TUM/SENTINEL2A_20170422-111300-457_L2A_T30TUM_D_V1-4_roi_0.tif,22.0,343615.197,4624990.856,MR,23.0,LENTEJAS,Lens culinaris,0.2,0.14,N,SE,105E,CL,D,R,0.0,VPG,lentejas pardinas con plantas verdes. la misma parcela que el ESU22,b,0.0,0.744,0.81,1.2725,0.0667,0.0852,0.1342,0.2237,0.2657,0.2926,0.3215,0.3266,0.3569,0.3403,0.4253,0.3145
19,POINT (343604.16290114017 4625233.400116192),2017-06-21,0.0642,0.1046,0.1468,0.2968,0.1814,0.2563,0.2828,0.2985,0.3359,0.2694,0,0,0,0,32,152,0,0,2017-04-22,60 days,/work/CESBIO/projects/MAESTRIA/prosail_validation/validation_sites/T30TUM/SENTINEL2A_20170422-111300-457_L2A_T30TUM_D_V1-4_roi_0.tif,21.0,343604.1629,4625233.4,MR,22.0,LENTEJAS,Lens culinaris,0.25,0.15,N,SE,105E,CL,D,R,0.0,VPG,con plantas verdes intercaladas,b,0.0,1.05,1.58,0.808,0.0714,0.0825,0.1231,0.197,0.2569,0.2981,0.324,0.334,0.3543,0.3448,0.3762,0.2631
30,POINT (354357.7126010594 4618711.336116123),2017-06-22,0.163,0.2224,0.2758,0.3221,0.2894,0.3048,0.317,0.3273,0.414,0.3443,0,0,0,0,54,157,0,0,2017-02-21,121 days,/work/CESBIO/projects/MAESTRIA/prosail_validation/validation_sites/T30TUM/SENTINEL2A_20170221-111821-429_L2A_T30TUM_D_V1-4_roi_0.tif,44.0,354357.7126,4618711.336,ITA,45.0,AVENA,Avena sativa,0.45,0.12,N,SE,105E,PC,D,R,0.0,VPG,avena muy baja,b,0.0,0.33,0.856666667,0.35,0.118,0.1664,0.2249,0.2941,0.3371,0.355,0.3772,0.3951,0.4131,0.3769,0.493,0.3658
31,POINT (357222.76090103755 4618835.781116125),2017-06-22,0.1033,0.1421,0.1828,0.2307,0.2033,0.2208,0.2321,0.2437,0.3292,0.2748,0,0,0,0,54,157,0,0,2017-02-21,121 days,/work/CESBIO/projects/MAESTRIA/prosail_validation/validation_sites/T30TUM/SENTINEL2A_20170221-111821-429_L2A_T30TUM_D_V1-4_roi_0.tif,48.0,357222.7609,4618835.781,ITA,49.0,Bare soil,,0.0,0.0,,,,,,,0.0,VPG,tillage nivel 1,,0.0,0.0,0.0,0.0,0.0,0.0,0.0,0.0,0.0,0.0,0.0,0.0,0.0,0.0,0.0,0.0
32,POINT (357145.0710010392 4618855.345116116),2017-06-22,0.1157,0.1678,0.2221,0.2793,0.237,0.2689,0.2808,0.2925,0.354,0.3069,0,0,0,0,54,157,0,0,2017-02-21,121 days,/work/CESBIO/projects/MAESTRIA/prosail_validation/validation_sites/T30TUM/SENTINEL2A_20170221-111821-429_L2A_T30TUM_D_V1-4_roi_0.tif,42.0,357145.071,4618855.345,ITA,43.0,AVENA,Avena sativa,0.55,0.12,N,SE,105E,PC,D,R,0.0,VPG,parcela estrecha,b,0.0,0.89,1.746666667,1.0375,0.0831,0.1006,0.1532,0.2271,0.284,0.3264,0.3559,0.3686,0.3825,0.3412,0.4127,0.3072
33,POINT (359213.37230102334 4619598.276116125),2017-06-22,0.0835,0.1219,0.169,0.2375,0.1883,0.2124,0.2309,0.2532,0.3503,0.2782,0,0,0,0,54,157,0,0,2017-02-21,121 days,/work/CESBIO/projects/MAESTRIA/prosail_validation/validation_sites/T30TUM/SENTINEL2A_20170221-111821-429_L2A_T30TUM_D_V1-4_roi_0.tif,37.0,359213.3723,4619598.276,ITA,38.0,CEBADA,Hordeum vulgare,0.55,0.15,N,SE,280W,PC,D,R,0.0,VPG,cebada,b,0.0,1.84,2.933333333,1.4775,0.066,0.099,0.1496,0.2392,0.2822,0.2992,0.3276,0.3544,0.3815,0.3498,0.3857,0.2516
24,POINT (346841.58800110756 4604909.793115957),2017-06-21,0.1097,0.1473,0.1819,0.2422,0.1957,0.2224,0.2351,0.2514,0.2595,0.1786,0,0,0,0,31,152,0,0,2017-04-22,60 days,/work/CESBIO/projects/MAESTRIA/prosail_validation/validation_sites/T30TUM/SENTINEL2A_20170422-111300-457_L2A_T30TUM_D_V1-4_roi_0.tif,27.0,346841.588,4604909.793,Greg,28.0,MAIZ,Zea mays,1.15,0.6,B,GU,15N,PC,D,IP,0.0,VPG,9 hojas desarrolladas,g,0.0,2.19,2.606666667,2.632,0.0686,0.0479,0.0812,0.0598,0.1109,0.2836,0.3435,0.341,0.356,0.3306,0.2044,0.1083
25,POINT (345666.74400112557 4626169.109116204),2017-06-20,0.0793,0.1229,0.177,0.336,0.2188,0.2894,0.3225,0.3484,0.3698,0.2777,0,0,0,0,32,152,0,0,2017-04-22,59 days,/work/CESBIO/projects/MAESTRIA/prosail_validation/validation_sites/T30TUM/SENTINEL2A_20170422-111300-457_L2A_T30TUM_D_V1-4_roi_0.tif,10.0,345666.744,4626169.109,MR,11.0,ALPISTE,Phalaris canariensis,0.5,0.18,N,SE,182S,PC,D,R,0.0,VPG,alpiste no de uso alimentario,b,0.0,0.712,0.88,0.676,0.0714,0.104,0.161,0.2419,0.2666,0.2801,0.2989,0.3256,0.3344,0.3195,0.467,0.3607
26,POINT (345851.1670011241 4626181.927116203),2017-06-20,0.07,0.1003,0.1327,0.3118,0.1691,0.2578,0.2988,0.3286,0.2766,0.1935,0,0,0,0,32,152,0,0,2017-04-22,59 days,/work/CESBIO/projects/MAESTRIA/prosail_validation/validation_sites/T30TUM/SENTINEL2A_20170422-111300-457_L2A_T30TUM_D_V1-4_roi_0.tif,6.0,345851.167,4626181.927,MR,7.0,TRIGO,Triticum spp,0.4,0.18,N,SE,180S,OV,D,R,0.0,VPG,trigo,b,0.0,0.902,1.34,0.9775,0.0633,0.0748,0.1189,0.1995,0.2397,0.2552,0.2715,0.2864,0.3037,0.306,0.3904,0.2782
27,POINT (345777.11610112374 4626237.410116205),2017-06-20,0.0707,0.1048,0.1119,0.3716,0.1586,0.3029,0.3644,0.3907,0.2768,0.1807,0,0,0,0,32,152,0,0,2017-04-22,59 days,/work/CESBIO/projects/MAESTRIA/prosail_validation/validation_sites/T30TUM/SENTINEL2A_20170422-111300-457_L2A_T30TUM_D_V1-4_roi_0.tif,5.0,345777.1161,4626237.41,MR,6.0,CEBADA,Secale cereale,0.0,0.0,N,SE,50NE,OV,D,R,0.0,VPG,,b,0.0,1.55,1.146666667,1.1875,0.0825,0.0983,0.1401,0.2292,0.2537,0.277,0.3001,0.3251,0.3403,0.3688,0.4333,0.2896
28,POINT (345475.98084812704 4626433.177996206),2017-07-21,0.0444,0.0675,0.0625,0.4106,0.1069,0.3072,0.4046,0.4257,0.2326,0.1433,0,0,0,0,32,152,0,0,2017-04-22,90 days,/work/CESBIO/projects/MAESTRIA/prosail_validation/validation_sites/T30TUM/SENTINEL2A_20170422-111300-457_L2A_T30TUM_D_V1-4_roi_0.tif,51.0,345475.980847,4626433.17788,MR,0.0,TRITORDEUM,Tritordeum,0.9,0.12,N,SE,98E,CL,D,I,0.0,VPG,Tritordeum Irrigated,b,0.0,0.0,0.0,1.684,0.0335,0.0527,0.0837,0.127,0.1487,0.1593,0.1741,0.1902,0.2017,0.2007,0.2815,0.1973
29,POINT (345561.98820112646 4626465.426116207),2017-06-20,0.0398,0.0574,0.0353,0.5572,0.0872,0.3708,0.5379,0.5566,0.1812,0.1025,0,0,0,0,32,152,0,0,2017-04-22,59 days,/work/CESBIO/projects/MAESTRIA/prosail_validation/validation_sites/T30TUM/SENTINEL2A_20170422-111300-457_L2A_T30TUM_D_V1-4_roi_0.tif,7.0,345561.9882,4626465.426,MR,8.0,CENTENO,Secale cereale,1.4,0.32,N,MA,315NO,OV,D,IP,0.0,VPG,centeno regadio,b,0.0,4.01,4.126666667,2.0475,0.0637,0.0678,0.0906,0.1367,0.1737,0.1994,0.2321,0.2541,0.2797,0.3043,0.2511,0.1598
30,POINT (354357.7126010594 4618711.336116123),2017-06-22,0.1817,0.2565,0.2979,0.4235,0.3338,0.3948,0.4188,0.4261,0.4518,0.3548,0,0,0,0,31,152,0,0,2017-04-22,61 days,/work/CESBIO/projects/MAESTRIA/prosail_validation/validation_sites/T30TUM/SENTINEL2A_20170422-111300-457_L2A_T30TUM_D_V1-4_roi_0.tif,44.0,354357.7126,4618711.336,ITA,45.0,AVENA,Avena sativa,0.45,0.12,N,SE,105E,PC,D,R,0.0,VPG,avena muy baja,b,0.0,0.33,0.856666667,0.35,0.118,0.1664,0.2249,0.2941,0.3371,0.355,0.3772,0.3951,0.4131,0.3769,0.493,0.3658
31,POINT (357222.76090103755 4618835.781116125),2017-06-22,0.1156,0.1678,0.2169,0.2796,0.2359,0.2633,0.2811,0.3004,0.3654,0.2964,0,0,0,0,31,152,0,0,2017-04-22,61 days,/work/CESBIO/projects/MAESTRIA/prosail_validation/validation_sites/T30TUM/SENTINEL2A_20170422-111300-457_L2A_T30TUM_D_V1-4_roi_0.tif,48.0,357222.7609,4618835.781,ITA,49.0,Bare soil,,0.0,0.0,,,,,,,0.0,VPG,tillage nivel 1,,0.0,0.0,0.0,0.0,0.0,0.0,0.0,0.0,0.0,0.0,0.0,0.0,0.0,0.0,0.0,0.0
32,POINT (357145.0710010392 4618855.345116116),2017-06-22,0.0796,0.1195,0.1401,0.3456,0.1794,0.3041,0.3466,0.3597,0.3161,0.2335,0,0,0,0,31,152,0,0,2017-04-22,61 days,/work/CESBIO/projects/MAESTRIA/prosail_validation/validation_sites/T30TUM/SENTINEL2A_20170422-111300-457_L2A_T30TUM_D_V1-4_roi_0.tif,42.0,357145.071,4618855.345,ITA,43.0,AVENA,Avena sativa,0.55,0.12,N,SE,105E,PC,D,R,0.0,VPG,parcela estrecha,b,0.0,0.89,1.746666667,1.0375,0.0831,0.1006,0.1532,0.2271,0.284,0.3264,0.3559,0.3686,0.3825,0.3412,0.4127,0.3072
33,POINT (359213.37230102334 4619598.276116125),2017-06-22,0.0551,0.089,0.092,0.3716,0.1378,0.306,0.371,0.3954,0.272,0.1685,0,0,0,0,31,152,0,0,2017-04-22,61 days,/work/CESBIO/projects/MAESTRIA/prosail_validation/validation_sites/T30TUM/SENTINEL2A_20170422-111300-457_L2A_T30TUM_D_V1-4_roi_0.tif,37.0,359213.3723,4619598.276,ITA,38.0,CEBADA,Hordeum vulgare,0.55,0.15,N,SE,280W,PC,D,R,0.0,VPG,cebada,b,0.0,1.84,2.933333333,1.4775,0.066,0.099,0.1496,0.2392,0.2822,0.2992,0.3276,0.3544,0.3815,0.3498,0.3857,0.2516
44,POINT (344602.8609011334 4626439.809116206),2017-06-20,0.0775,0.1184,0.1801,0.2477,0.2047,0.2241,0.2405,0.264,0.4024,0.3305,0,0,0,0,54,157,0,0,2017-02-21,119 days,/work/CESBIO/projects/MAESTRIA/prosail_validation/validation_sites/T30TUM/SENTINEL2A_20170221-111821-429_L2A_T30TUM_D_V1-4_roi_0.tif,4.0,344602.8609,4626439.809,MR,5.0,REMOLACHA,Beta vulgaris,0.0,0.0,B,GU,190S,OV,D,IP,0.0,VPG,"remolacha antes de pasar el pivot de regadio. hojas lacias, no turgentes",g,0.0,1.78,1.633333333,2.25758681,0.0426,0.0309,0.0735,0.0277,0.1197,0.4345,0.529,0.536,0.5465,0.4694,0.1725,0.0787
45,POINT (343883.30400113866 4626515.711116205),2017-06-20,0.0428,0.0719,0.0617,0.3429,0.1243,0.285,0.3392,0.3582,0.2481,0.1434,0,0,0,0,54,157,0,0,2017-02-21,119 days,/work/CESBIO/projects/MAESTRIA/prosail_validation/validation_sites/T30TUM/SENTINEL2A_20170221-111821-429_L2A_T30TUM_D_V1-4_roi_0.tif,0.0,343883.304,4626515.711,MR,1.0,TRIGO,Triticum spp,0.45,0.0,N,SE,,PC,D,R,0.0,VPG,misma parcela que ESU1. puntoA_ESU2,b,0.0,1.16,2.333333333,1.662344675,0.0694,0.0723,0.1104,0.1685,0.1992,0.2136,0.2275,0.2428,0.2551,0.2877,0.3593,0.2383
46,POINT (343999.6535011378 4626544.223116207),2017-06-20,0.0434,0.0651,0.056,0.3465,0.1155,0.2929,0.3397,0.3593,0.2365,0.132,0,0,0,0,54,157,0,0,2017-02-21,119 days,/work/CESBIO/projects/MAESTRIA/prosail_validation/validation_sites/T30TUM/SENTINEL2A_20170221-111821-429_L2A_T30TUM_D_V1-4_roi_0.tif,1.0,343999.6535,4626544.223,MR,2.0,TRIGO,Triticum spp,0.45,0.0,N,SE,71ENE,PC,D,R,0.0,VPG,puntoB_ESU1,b,0.0,1.32,2.113333333,1.455,0.0659,0.0753,0.106,0.1667,0.199,0.2118,0.2288,0.24,0.2625,0.2965,0.3459,0.232
47,POINT (344173.8794011355 4626553.586116207),2017-06-20,0.0761,0.109,0.1659,0.2456,0.192,0.2188,0.2394,0.2616,0.4001,0.318,0,0,0,0,54,157,0,0,2017-02-21,119 days,/work/CESBIO/projects/MAESTRIA/prosail_validation/validation_sites/T30TUM/SENTINEL2A_20170221-111821-429_L2A_T30TUM_D_V1-4_roi_0.tif,2.0,344173.8794,4626553.586,MR,3.0,YEROS,Vicia ervilia,0.2,0.14,N,SE,170S,OV,D,R,0.0,VPG,lai mixto,b,0.0,0.639,0.79,0.544285714,0.0691,0.0802,0.1264,0.2003,0.2464,0.2821,0.3131,0.3215,0.3425,0.3524,0.4271,0.3097
38,POINT (347348.8316291154 4631696.140576267),2017-07-21,0.0603,0.0839,0.0983,0.2394,0.135,0.2134,0.2371,0.2505,0.254,0.1757,0,0,0,0,32,152,0,0,2017-04-22,90 days,/work/CESBIO/projects/MAESTRIA/prosail_validation/validation_sites/T30TUM/SENTINEL2A_20170422-111300-457_L2A_T30TUM_D_V1-4_roi_0.tif,54.0,347348.831628,4631696.14046,Otro,52.0,ALFALFA,Medicago sativa,0.25,0.15,N,FL,355N,CL,S,R,0.0,VPG,Alfalfa. la parcela de la izquierda es lo mismo. A la derecha habi cereal ya cosechado,g,0.0,0.0,0.0,0.152,0.08,0.0851,0.1274,0.1793,0.2297,0.2636,0.283,0.2828,0.3034,0.3081,0.4499,0.3373
39,POINT (343614.0719011391 4625279.743116181),2017-06-21,0.08,0.1248,0.1811,0.3117,0.2142,0.2794,0.3027,0.3227,0.367,0.2984,0,0,0,0,32,152,0,0,2017-04-22,60 days,/work/CESBIO/projects/MAESTRIA/prosail_validation/validation_sites/T30TUM/SENTINEL2A_20170422-111300-457_L2A_T30TUM_D_V1-4_roi_0.tif,20.0,343614.0719,4625279.743,MR,21.0,GARBANZOS,Cicer arietinum,0.38,0.2,N,MA,100E,CL,D,R,0.0,VPG,garbanzos verde y amarillo con hierbas verdes. LAI mixto,b,0.0,0.719,1.456666667,1.17,0.0772,0.0987,0.1629,0.2288,0.3078,0.3477,0.3755,0.3775,0.4013,0.3661,0.3901,0.283
40,POINT (345239.5813011285 4625891.96411619),2017-06-21,0.0958,0.1308,0.1789,0.3294,0.2149,0.2904,0.3166,0.3451,0.3846,0.2801,0,0,0,0,32,152,0,0,2017-04-22,60 days,/work/CESBIO/projects/MAESTRIA/prosail_validation/validation_sites/T30TUM/SENTINEL2A_20170422-111300-457_L2A_T30TUM_D_V1-4_roi_0.tif,17.0,345239.5813,4625891.964,MR,18.0,VEZA,Vicia sativa,0.3,0.2,N,SE,90E,CL,D,R,0.0,VPG,Veza,b,0.0,0.54,0.706666667,0.854,0.0669,0.0865,0.1291,0.2111,0.2487,0.2629,0.2858,0.304,0.3289,0.3231,0.445,0.309
41,POINT (344668.3902011326 4625978.6601162),2017-06-21,0.0787,0.119,0.1641,0.3184,0.2006,0.2792,0.3111,0.334,0.3835,0.2787,0,0,0,0,32,152,0,0,2017-04-22,60 days,/work/CESBIO/projects/MAESTRIA/prosail_validation/validation_sites/T30TUM/SENTINEL2A_20170422-111300-457_L2A_T30TUM_D_V1-4_roi_0.tif,18.0,344668.3902,4625978.66,MR,19.0,VEZA,Vicia sativa,0.38,0.13,N,SE,80E,CL,D,R,0.0,VPG,Veza es la misma parcela que la ESU18,b,0.0,0.542,0.773333333,0.9325,0.0649,0.0814,0.1272,0.2063,0.2551,0.2689,0.2961,0.3031,0.3359,0.3249,0.445,0.3179
42,POINT (344721.19090113137 4626045.09411619),2017-06-21,0.0549,0.08,0.0906,0.3623,0.1427,0.2801,0.3413,0.3778,0.282,0.175,0,0,0,0,32,152,0,0,2017-04-22,60 days,/work/CESBIO/projects/MAESTRIA/prosail_validation/validation_sites/T30TUM/SENTINEL2A_20170422-111300-457_L2A_T30TUM_D_V1-4_roi_0.tif,19.0,344721.1909,4626045.094,MR,20.0,TRIGO,Triticum spp,0.55,0.12,N,SE,350N,CL,D,R,0.0,VPG,trigo,b,0.0,0.92,1.666666667,0.876,0.0602,0.073,0.1031,0.1606,0.1814,0.2056,0.2316,0.25,0.271,0.2817,0.3674,0.2461
43,POINT (344248.93920113595 4626437.627116206),2017-06-20,0.1058,0.1691,0.2397,0.3655,0.2811,0.3262,0.3509,0.3787,0.4796,0.38,0,0,0,0,32,152,0,0,2017-04-22,59 days,/work/CESBIO/projects/MAESTRIA/prosail_validation/validation_sites/T30TUM/SENTINEL2A_20170422-111300-457_L2A_T30TUM_D_V1-4_roi_0.tif,3.0,344248.9392,4626437.627,MR,4.0,REMOLACHA,Beta vulgaris,0.55,0.5,B,GU,150SE,OV,D,IP,0.0,VPG,remolacha regadio,g,0.0,2.87,2.81,3.342,0.0481,0.0253,0.0722,0.0228,0.1175,0.5008,0.6158,0.6119,0.6169,0.4765,0.176,0.0772
44,POINT (344602.8609011334 4626439.809116206),2017-06-20,0.0956,0.1595,0.2359,0.3652,0.2708,0.3221,0.3495,0.3773,0.4502,0.3534,0,0,0,0,32,152,0,0,2017-04-22,59 days,/work/CESBIO/projects/MAESTRIA/prosail_validation/validation_sites/T30TUM/SENTINEL2A_20170422-111300-457_L2A_T30TUM_D_V1-4_roi_0.tif,4.0,344602.8609,4626439.809,MR,5.0,REMOLACHA,Beta vulgaris,0.0,0.0,B,GU,190S,OV,D,IP,0.0,VPG,"remolacha antes de pasar el pivot de regadio. hojas lacias, no turgentes",g,0.0,1.78,1.633333333,2.25758681,0.0426,0.0309,0.0735,0.0277,0.1197,0.4345,0.529,0.536,0.5465,0.4694,0.1725,0.0787
2,POINT (359057.37810102396 4618091.2631161185),2017-06-22,0.0,0.0051,0.0,0.4728,0.0401,0.3249,0.4559,0.4869,0.1162,0.0487,0,0,0,0,26,149,0,0,2017-05-12,41 days,/work/CESBIO/projects/MAESTRIA/prosail_validation/validation_sites/T30TUM/SENTINEL2A_20170512-111302-456_L2A_T30TUM_D_V1-4_roi_0.tif,40.0,359057.3781,4618091.263,ITA,41.0,TRIGO,Triticum spp,0.8,0.2,N,SE,200S,PC,D,I,0.0,VPG,trigo con puas negras,b,0.0,1.64,2.726666667,1.86,0.0607,0.0538,0.0866,0.1258,0.1549,0.1756,0.2028,0.2165,0.2363,0.2985,0.2911,0.1935
3,POINT (358046.8041010323 4618159.4281161195),2017-06-22,0.0377,0.0568,0.0394,0.4722,0.086,0.3489,0.4903,0.5152,0.1708,0.0789,0,0,0,0,26,149,0,0,2017-05-12,41 days,/work/CESBIO/projects/MAESTRIA/prosail_validation/validation_sites/T30TUM/SENTINEL2A_20170512-111302-456_L2A_T30TUM_D_V1-4_roi_0.tif,41.0,358046.8041,4618159.428,ITA,42.0,AVENA,Avena sativa,1.0,0.12,N,SE,140SE,PC,D,I,0.0,VPG,avena todavia algo verde y tumbada,b,10.22,3.36,5.163333333,4.0425,0.0766,0.0703,0.1195,0.141,0.2392,0.3298,0.378,0.4399,0.4156,0.376,0.3138,0.2344
4,POINT (356335.0951010438 4618330.178116119),2017-06-22,0.0215,0.0713,0.1219,0.3794,0.1749,0.3051,0.3599,0.4057,0.2367,0.1259,0,0,0,0,26,149,0,0,2017-05-12,41 days,/work/CESBIO/projects/MAESTRIA/prosail_validation/validation_sites/T30TUM/SENTINEL2A_20170512-111302-456_L2A_T30TUM_D_V1-4_roi_0.tif,43.0,356335.0951,4618330.178,ITA,44.0,TRIGO,Triticum spp,0.32,0.25,N,SE,70E,PC,D,R,0.0,VPG,trigo malo apenas granado,b,0.0,0.675,0.96,0.66,0.0882,0.1276,0.1872,0.2563,0.2916,0.3076,0.3237,0.3442,0.3564,0.3145,0.4258,0.3177
5,POINT (358320.0548010295 4618390.985116121),2017-06-22,0.0599,0.1066,0.135,0.4023,0.1979,0.3536,0.3955,0.4373,0.3092,0.1668,0,0,0,0,26,149,0,0,2017-05-12,41 days,/work/CESBIO/projects/MAESTRIA/prosail_validation/validation_sites/T30TUM/SENTINEL2A_20170512-111302-456_L2A_T30TUM_D_V1-4_roi_0.tif,35.0,358320.0548,4618390.985,ITA,36.0,YEROS,Vicia ervilia,0.23,0.15,N,SE,115SE,PC,D,R,0.0,VPG,hierbas verdes dispersas y en la zona mas cercana al ITACYL mucha avena intercalada,b,0.0,0.61,1.253333333,0.608291844,0.095,0.1256,0.173,0.2557,0.2909,0.311,0.3381,0.3619,0.3781,0.3559,0.4499,0.32
6,POINT (359540.7712010216 4618466.894116122),2017-06-22,0.0343,0.0873,0.1566,0.2178,0.1681,0.1777,0.1928,0.2108,0.2545,0.1633,0,0,0,0,26,149,0,0,2017-05-12,41 days,/work/CESBIO/projects/MAESTRIA/prosail_validation/validation_sites/T30TUM/SENTINEL2A_20170512-111302-456_L2A_T30TUM_D_V1-4_roi_0.tif,39.0,359540.7712,4618466.894,ITA,40.0,GIRASOL,Helianthus annuus,0.6,0.7,B,FL,210SW,PC,D,I,0.0,VPG,girasol con muchos tipos de plantas distintas intercaladas. boton floral,g,31.25,0.525,0.4,0.956,0.0934,0.099,0.1537,0.1744,0.2269,0.4084,0.4494,0.4526,0.4598,0.4143,0.3632,0.2666
7,POINT (359395.2573010227 4618523.295116112),2017-06-22,0.0216,0.0761,0.1134,0.3787,0.1853,0.3051,0.3527,0.4007,0.1969,0.0957,0,0,0,0,26,149,0,0,2017-05-12,41 days,/work/CESBIO/projects/MAESTRIA/prosail_validation/validation_sites/T30TUM/SENTINEL2A_20170512-111302-456_L2A_T30TUM_D_V1-4_roi_0.tif,38.0,359395.2573,4618523.295,ITA,39.0,CEBADA,Hordeum vulgare,0.35,0.15,N,SE,245SW,PC,D,R,0.0,VPG,cebada muy baja,b,0.0,1.13,1.556666667,1.0775,0.0771,0.0885,0.1234,0.1819,0.2122,0.2213,0.2409,0.2501,0.2826,0.2826,0.3911,0.2756
8,POINT (356922.5167010397 4618590.972116125),2017-06-22,0.0508,0.0941,0.1345,0.1919,0.1496,0.1786,0.1886,0.2047,0.248,0.1654,0,0,0,0,26,149,0,0,2017-05-12,41 days,/work/CESBIO/projects/MAESTRIA/prosail_validation/validation_sites/T30TUM/SENTINEL2A_20170512-111302-456_L2A_T30TUM_D_V1-4_roi_0.tif,49.0,356922.5167,4618590.972,ITA,50.0,Bare soil,,0.0,0.0,,,,,,,0.0,VPG,tillage nivel 2,,0.0,0.0,0.0,0.0,0.0,0.0,0.0,0.0,0.0,0.0,0.0,0.0,0.0,0.0,0.0,0.0
28,POINT (345475.98084812704 4626433.177996206),2017-07-21,0.0487,0.0764,0.1133,0.1728,0.1317,0.1482,0.1634,0.1865,0.2669,0.1949,0,0,0,0,24,140,1,82,2017-07-11,10 days,/work/CESBIO/projects/MAESTRIA/prosail_validation/validation_sites/T30TUM/SENTINEL2A_20170711-111223-375_L2A_T30TUM_D_V1-7_roi_0.tif,51.0,345475.980847,4626433.17788,MR,0.0,TRITORDEUM,Tritordeum,0.9,0.12,N,SE,98E,CL,D,I,0.0,VPG,Tritordeum Irrigated,b,0.0,0.0,0.0,1.684,0.0335,0.0527,0.0837,0.127,0.1487,0.1593,0.1741,0.1902,0.2017,0.2007,0.2815,0.1973
13,POINT (343572.5465011307 4601039.01411592),2017-06-21,0.0431,0.0713,0.0661,0.3805,0.1265,0.3093,0.3788,0.388,0.2338,0.1429,0,0,0,0,35,153,0,0,2017-04-12,70 days,/work/CESBIO/projects/MAESTRIA/prosail_validation/validation_sites/T30TUM/SENTINEL2A_20170412-111708-859_L2A_T30TUM_D_V1-4_roi_0.tif,32.0,343572.5465,4601039.014,Greg,33.0,TRIGO,Triticum spp,0.52,0.12,N,SE,195SW,PC,D,I,0.0,VPG,,b,0.0,1.8,2.043333333,1.678,0.0754,0.0873,0.1252,0.1703,0.2086,0.2275,0.2408,0.2521,0.2733,0.2986,0.3,0.2099
11,POINT (343719.0136011294 4600672.778115908),2017-06-21,0.0,0.0165,0.0,0.8051,0.0709,0.5442,0.8142,0.8818,0.1767,0.071,0,0,0,0,26,148,0,0,2017-05-12,40 days,/work/CESBIO/projects/MAESTRIA/prosail_validation/validation_sites/T30TUM/SENTINEL2A_20170512-111302-456_L2A_T30TUM_D_V1-4_roi_0.tif,33.0,343719.0136,4600672.778,Greg,34.0,CEBADA,Hordeum vulgare,0.12,0.12,N,SE,300NW,PC,D,I,0.0,VPG,RASTROJO,b,0.0,0.632,1.18,1.044,0.0784,0.1365,0.1897,0.2803,0.3345,0.3453,0.3761,0.3898,0.435,0.385,0.4706,0.2957
12,POINT (344156.8590011263 4600715.0271159075),2017-06-21,0.0759,0.1615,0.2835,0.6259,0.3984,0.5242,0.5945,0.6881,0.3285,0.1606,0,0,0,0,26,148,0,0,2017-05-12,40 days,/work/CESBIO/projects/MAESTRIA/prosail_validation/validation_sites/T30TUM/SENTINEL2A_20170512-111302-456_L2A_T30TUM_D_V1-4_roi_0.tif,34.0,344156.859,4600715.027,Greg,35.0,ALFALFA,Medicago sativa,0.72,0.08,N,FL,340N,PC,D,I,0.0,VPG,parece que la han regado algo con ca√±on. hay una parte al fondo que esta mas baja e irregular. Medimos en la parte buena y regular,g,0.0,2.84,1.486666667,2.506,0.0559,0.0505,0.0752,0.0638,0.1225,0.3309,0.4045,0.4111,0.4355,0.4418,0.226,0.1234
16,POINT (343544.2850011394 4624849.444116187),2017-06-21,0.0422,0.075,0.0676,0.4085,0.1335,0.3326,0.3997,0.4211,0.2467,0.1378,0,0,0,0,35,153,0,0,2017-04-12,70 days,/work/CESBIO/projects/MAESTRIA/prosail_validation/validation_sites/T30TUM/SENTINEL2A_20170412-111708-859_L2A_T30TUM_D_V1-4_roi_0.tif,24.0,343544.285,4624849.444,MR,25.0,MEZCLA AVENA-TRIGO,Triticum spp - Avena sativa,0.72,0.12,N,SE,175S,CL,D,R,0.0,VPG,principalmente avena. mas alta que la ESU 24 de la misma parcela,b,0.0,1.51,2.566666667,1.996,0.0726,0.084,0.1266,0.2034,0.2571,0.2915,0.3231,0.3466,0.3709,0.3629,0.3879,0.2529
17,POINT (343557.06740114035 4624903.450116187),2017-06-21,0.0406,0.0687,0.055,0.4455,0.125,0.3394,0.4282,0.4573,0.2408,0.1267,0,0,0,0,35,153,0,0,2017-04-12,70 days,/work/CESBIO/projects/MAESTRIA/prosail_validation/validation_sites/T30TUM/SENTINEL2A_20170412-111708-859_L2A_T30TUM_D_V1-4_roi_0.tif,23.0,343557.0674,4624903.45,MR,24.0,MEZCLA AVENA-TRIGO,Triticum spp - Avena sativa,0.45,0.12,N,SE,145SE,CL,D,R,0.0,VPG,principalmente avena a punto de cosechar. Vemos la cosechadora al final de la parcela. Hay una zona con avena mas alta y cerca un cerco con avena malnacida,b,0.0,1.65,1.973333333,0.9125,0.0641,0.0859,0.1278,0.2022,0.2583,0.2897,0.3161,0.3417,0.3654,0.3556,0.4206,0.2738
18,POINT (343615.19700113893 4624990.856116179),2017-06-21,0.0668,0.1112,0.1686,0.2651,0.1967,0.2412,0.2606,0.2797,0.3491,0.2905,0,0,0,0,35,153,0,0,2017-04-12,70 days,/work/CESBIO/projects/MAESTRIA/prosail_validation/validation_sites/T30TUM/SENTINEL2A_20170412-111708-859_L2A_T30TUM_D_V1-4_roi_0.tif,22.0,343615.197,4624990.856,MR,23.0,LENTEJAS,Lens culinaris,0.2,0.14,N,SE,105E,CL,D,R,0.0,VPG,lentejas pardinas con plantas verdes. la misma parcela que el ESU22,b,0.0,0.744,0.81,1.2725,0.0667,0.0852,0.1342,0.2237,0.2657,0.2926,0.3215,0.3266,0.3569,0.3403,0.4253,0.3145
35,POINT (347807.53432110965 4628117.705176216),2017-07-21,0.0516,0.0833,0.1317,0.214,0.1438,0.1829,0.1938,0.229,0.3469,0.2608,0,0,0,0,24,140,0,79,2017-07-11,10 days,/work/CESBIO/projects/MAESTRIA/prosail_validation/validation_sites/T30TUM/SENTINEL2A_20170711-111223-375_L2A_T30TUM_D_V1-7_roi_0.tif,55.0,347807.53432,4628117.70506,MR,0.0,ADORMIDERA,Papaver somniferum,1.1,0.2,B,SE,85E,CL,D,I,0.0,VPG,"Cultivo completamente seco. No se han georreferenciado los puntos B-E para no destrozar el cultivo. Sin embargo, si se han medido en 5 puntos aleatorios",b,0.0,0.0,0.0,0.946,0.0639,0.0578,0.0858,0.1389,0.167,0.1785,0.201,0.2252,0.2357,0.2683,0.3983,0.2966
36,POINT (347852.0194661104 4628123.005076216),2017-07-21,0.0471,0.0718,0.1153,0.1876,0.1482,0.1656,0.1972,0.2228,0.3326,0.2609,0,0,0,0,24,140,0,79,2017-07-11,10 days,/work/CESBIO/projects/MAESTRIA/prosail_validation/validation_sites/T30TUM/SENTINEL2A_20170711-111223-375_L2A_T30TUM_D_V1-7_roi_0.tif,56.0,347852.019465,4628123.00496,MR,0.0,ADORMIDERA,Papaver somniferum,1.0,0.15,B,SE,270W,CL,D,I,0.0,VPG,Se ve el pivot en la parcela,b,0.0,0.0,0.0,0.936,0.0456,0.0472,0.0754,0.1263,0.1502,0.156,0.1775,0.1979,0.2139,0.2368,0.374,0.2855
21,POINT (345660.32270111656 4603682.450115952),2017-06-21,0.0795,0.1134,0.1512,0.1912,0.1653,0.1732,0.1829,0.1983,0.3066,0.2517,0,0,0,0,35,153,0,0,2017-04-12,70 days,/work/CESBIO/projects/MAESTRIA/prosail_validation/validation_sites/T30TUM/SENTINEL2A_20170412-111708-859_L2A_T30TUM_D_V1-4_roi_0.tif,29.0,345660.3227,4603682.45,Greg,30.0,GIRASOL,Helianthus annuus,1.3,0.75,B,FL,2N,PC,S,I,0.0,VPG,boton floral,g,0.0,2.45,2.153333333,2.568,0.0569,0.0508,0.0772,0.0637,0.1224,0.3547,0.4022,0.3837,0.4169,0.4456,0.2228,0.1098
38,POINT (347348.8316291154 4631696.140576267),2017-07-21,0.0747,0.1121,0.1619,0.2534,0.1909,0.2319,0.25,0.2759,0.4199,0.3206,0,0,0,0,24,140,1,81,2017-07-11,10 days,/work/CESBIO/projects/MAESTRIA/prosail_validation/validation_sites/T30TUM/SENTINEL2A_20170711-111223-375_L2A_T30TUM_D_V1-7_roi_0.tif,54.0,347348.831628,4631696.14046,Otro,52.0,ALFALFA,Medicago sativa,0.25,0.15,N,FL,355N,CL,S,R,0.0,VPG,Alfalfa. la parcela de la izquierda es lo mismo. A la derecha habi cereal ya cosechado,g,0.0,0.0,0.0,0.152,0.08,0.0851,0.1274,0.1793,0.2297,0.2636,0.283,0.2828,0.3034,0.3081,0.4499,0.3373
23,POINT (347099.9545011057 4604868.695115964),2017-06-21,0.0442,0.0817,0.0694,0.3992,0.1196,0.3152,0.3906,0.4072,0.2307,0.1302,0,0,0,0,35,153,0,0,2017-04-12,70 days,/work/CESBIO/projects/MAESTRIA/prosail_validation/validation_sites/T30TUM/SENTINEL2A_20170412-111708-859_L2A_T30TUM_D_V1-4_roi_0.tif,30.0,347099.9545,4604868.695,Greg,31.0,CEBADA,Hordeum vulgare,0.35,0.12,N,SE,,PC,D,R,0.0,VPG,espiga poco granada,b,0.0,1.11,1.636666667,1.286,0.0724,0.0937,0.1371,0.2167,0.2555,0.2735,0.2988,0.3096,0.3388,0.3399,0.3722,0.2396
24,POINT (346841.58800110756 4604909.793115957),2017-06-21,0.1497,0.2138,0.273,0.3217,0.2799,0.2926,0.308,0.3255,0.4355,0.3643,0,0,0,0,35,153,0,0,2017-04-12,70 days,/work/CESBIO/projects/MAESTRIA/prosail_validation/validation_sites/T30TUM/SENTINEL2A_20170412-111708-859_L2A_T30TUM_D_V1-4_roi_0.tif,27.0,346841.588,4604909.793,Greg,28.0,MAIZ,Zea mays,1.15,0.6,B,GU,15N,PC,D,IP,0.0,VPG,9 hojas desarrolladas,g,0.0,2.19,2.606666667,2.632,0.0686,0.0479,0.0812,0.0598,0.1109,0.2836,0.3435,0.341,0.356,0.3306,0.2044,0.1083
25,POINT (345666.74400112557 4626169.109116204),2017-06-20,0.0632,0.1052,0.1598,0.3006,0.2008,0.261,0.29,0.3132,0.38,0.2954,0,0,0,0,35,153,0,0,2017-04-12,69 days,/work/CESBIO/projects/MAESTRIA/prosail_validation/validation_sites/T30TUM/SENTINEL2A_20170412-111708-859_L2A_T30TUM_D_V1-4_roi_0.tif,10.0,345666.744,4626169.109,MR,11.0,ALPISTE,Phalaris canariensis,0.5,0.18,N,SE,182S,PC,D,R,0.0,VPG,alpiste no de uso alimentario,b,0.0,0.712,0.88,0.676,0.0714,0.104,0.161,0.2419,0.2666,0.2801,0.2989,0.3256,0.3344,0.3195,0.467,0.3607
26,POINT (345851.1670011241 4626181.927116203),2017-06-20,0.0374,0.062,0.0818,0.2756,0.1223,0.2218,0.2642,0.2902,0.2252,0.1471,0,0,0,0,35,153,0,0,2017-04-12,69 days,/work/CESBIO/projects/MAESTRIA/prosail_validation/validation_sites/T30TUM/SENTINEL2A_20170412-111708-859_L2A_T30TUM_D_V1-4_roi_0.tif,6.0,345851.167,4626181.927,MR,7.0,TRIGO,Triticum spp,0.4,0.18,N,SE,180S,OV,D,R,0.0,VPG,trigo,b,0.0,0.902,1.34,0.9775,0.0633,0.0748,0.1189,0.1995,0.2397,0.2552,0.2715,0.2864,0.3037,0.306,0.3904,0.2782
27,POINT (345777.11610112374 4626237.410116205),2017-06-20,0.0446,0.0798,0.0755,0.3638,0.1353,0.2956,0.3547,0.3772,0.2603,0.1593,0,0,0,0,35,153,0,0,2017-04-12,69 days,/work/CESBIO/projects/MAESTRIA/prosail_validation/validation_sites/T30TUM/SENTINEL2A_20170412-111708-859_L2A_T30TUM_D_V1-4_roi_0.tif,5.0,345777.1161,4626237.41,MR,6.0,CEBADA,Secale cereale,0.0,0.0,N,SE,50NE,OV,D,R,0.0,VPG,,b,0.0,1.55,1.146666667,1.1875,0.0825,0.0983,0.1401,0.2292,0.2537,0.277,0.3001,0.3251,0.3403,0.3688,0.4333,0.2896
